{
    "cpu_cycles_pass2_start": 395755301938236,
    "cycles_program_begin": 395754393383757,
    "rlimit": {
        "data": -1,
        "stack": -1
    },
    "PrevCompiledModules": {},
    "CurCompileUdps": {},
    "NameTable": {
        "std": [
            "std",
            "reYIK",
            "module",
            1
        ],
        "excp_dbg": [
            "excp_dbg",
            "S3FV3",
            "module",
            4
        ],
        "commit": [
            "commit",
            "kWEBF",
            "module",
            2
        ],
        "wbck": [
            "wbck",
            "Da1cw",
            "module",
            7
        ],
        "decoder": [
            "decoder",
            "zf0bY",
            "module",
            3
        ],
        "ifu_top": [
            "ifu_top",
            "He9nS",
            "module",
            5
        ],
        "multi_counter": [
            "multi_counter",
            "y12fA",
            "module",
            6
        ],
        "sim_core_top": [
            "sim_core_top",
            "Jm6Rb",
            "module",
            8
        ],
        "...MASTER...": [
            "SIM",
            "amcQw",
            "module",
            9
        ]
    },
    "perf": [
        {
            "stat": [
                "main",
                "entry",
                0.01588892936706543,
                0.023664999999999999,
                0.019549,
                216400,
                216400,
                0.0,
                0.0,
                1645017589.5730729,
                395754393614701
            ],
            "sub": [
                {
                    "stat": [
                        "doParsingAndDesignResolution",
                        "entry",
                        0.026654958724975586,
                        0.023816,
                        0.027958,
                        270216,
                        271016,
                        0.0,
                        0.0,
                        1645017589.5838389,
                        395754427952475
                    ],
                    "sub": []
                },
                {
                    "stat": [
                        "doParsingAndDesignResolution",
                        "exit",
                        0.094357013702392578,
                        0.080224000000000004,
                        0.074236999999999997,
                        379680,
                        442956,
                        0.0,
                        0.0,
                        1645017589.651541,
                        395754644230061
                    ],
                    "sub": []
                },
                {
                    "stat": [
                        "doPostDesignResolutionToVir2Vcs",
                        "entry",
                        0.12614297866821289,
                        0.103658,
                        0.082679000000000002,
                        358848,
                        442956,
                        0.0,
                        0.0,
                        1645017589.683327,
                        395754745758828
                    ],
                    "sub": [
                        {
                            "stat": [
                                "doUptoVir2VcsNoSepCleanup",
                                "entry",
                                0.15259408950805664,
                                0.12975400000000001,
                                0.083030000000000007,
                                363468,
                                442956,
                                0.0,
                                0.0,
                                1645017589.7097781,
                                395754830214632
                            ],
                            "sub": []
                        },
                        {
                            "stat": [
                                "doUptoVir2VcsNoSepCleanup",
                                "exit",
                                0.2715299129486084,
                                0.24790699999999999,
                                0.083751999999999993,
                                375568,
                                442956,
                                0.0,
                                0.0,
                                1645017589.8287139,
                                395755210112776
                            ],
                            "sub": []
                        },
                        {
                            "stat": [
                                "doRadify_vir2vcsAll",
                                "entry",
                                0.27160000801086426,
                                0.24796000000000001,
                                0.083769999999999997,
                                375568,
                                442956,
                                0.023193999999999999,
                                0.026449,
                                1645017589.828784,
                                395755210268584
                            ],
                            "sub": []
                        },
                        {
                            "stat": [
                                "doRadify_vir2vcsAll",
                                "exit",
                                0.28013706207275391,
                                0.25547199999999998,
                                0.084784999999999999,
                                375568,
                                442956,
                                0.023193999999999999,
                                0.026449,
                                1645017589.837321,
                                395755237607212
                            ],
                            "sub": []
                        }
                    ]
                },
                {
                    "stat": [
                        "doPostDesignResolutionToVir2Vcs",
                        "exit",
                        0.28017902374267578,
                        0.25550400000000001,
                        0.084795999999999996,
                        375568,
                        442956,
                        0.023193999999999999,
                        0.026449,
                        1645017589.837363,
                        395755237664684
                    ],
                    "sub": []
                },
                {
                    "stat": [
                        "doGAToPass2",
                        "entry",
                        0.2801969051361084,
                        0.25551800000000002,
                        0.0848,
                        375568,
                        442956,
                        0.023193999999999999,
                        0.026449,
                        1645017589.8373809,
                        395755237716620
                    ],
                    "sub": [
                        {
                            "stat": [
                                "DoPass2",
                                "entry",
                                0.30027604103088379,
                                0.25556099999999998,
                                0.087046999999999999,
                                374012,
                                442956,
                                0.029017000000000001,
                                0.038848000000000001,
                                1645017589.85746,
                                395755301919196
                            ],