{
    "cpu_cycles_pass2_start": 640981645746416,
    "cycles_program_begin": 640980788368493,
    "CompileStrategy": "fullobj",
    "perf": [
        {
            "stat": [
                "main",
                "entry",
                0.013504981994628906,
                0.030974000000000002,
                0.012619,
                216400,
                216400,
                0.0,
                0.0,
                1645515340.4228189,
                640980788584493
            ],
            "sub": [
                {
                    "stat": [
                        "doParsingAndDesignResolution",
                        "entry",
                        0.024437189102172852,
                        0.032679,
                        0.020282999999999999,
                        270216,
                        271016,
                        0.0,
                        0.0,
                        1645515340.4337511,
                        640980827345165
                    ],
                    "sub": []
                },
                {
                    "stat": [
                        "doParsingAndDesignResolution",
                        "exit",
                        0.084917068481445312,
                        0.081406999999999993,
                        0.077530000000000002,
                        379756,
                        442952,
                        0.0,
                        0.0,
                        1645515340.494231,
                        640981042037327
                    ],
                    "sub": []
                },
                {
                    "stat": [
                        "doPostDesignResolutionToVir2Vcs",
                        "entry",
                        0.10367798805236816,
                        0.098695000000000005,
                        0.081203999999999998,
                        358864,
                        442952,
                        0.0,
                        0.0,
                        1645515340.5129919,
                        640981108601871
                    ],
                    "sub": [
                        {
                            "stat": [
                                "doUptoVir2VcsNoSepCleanup",
                                "entry",
                                0.12672519683837891,
                                0.123788,
                                0.081699999999999995,
                                363480,
                                442952,
                                0.0,
                                0.0,
                                1645515340.5360391,
                                640981190365486
                            ],
                            "sub": []
                        },
                        {
                            "stat": [
                                "doUptoVir2VcsNoSepCleanup",
                                "exit",
                                0.22919511795043945,
                                0.23265,
                                0.086650000000000005,
                                375580,
                                442952,
                                0.0,
                                0.0,
                                1645515340.638509,
                                640981554042302
                            ],
                            "sub": []
                        },
                        {
                            "stat": [
                                "doRadify_vir2vcsAll",
                                "entry",
                                0.22925996780395508,
                                0.23270299999999999,
                                0.086669999999999997,
                                375580,
                                442952,
                                0.024535999999999999,
                                0.029307,
                                1645515340.6385739,
                                640981554203070
                            ],
                            "sub": []
                        },
                        {
                            "stat": [
                                "doRadify_vir2vcsAll",
                                "exit",
                                0.23709416389465332,
                                0.24041899999999999,
                                0.087639999999999996,
                                375580,
                                442952,
                                0.024535999999999999,
                                0.029307,
                                1645515340.6464081,
                                640981582081695
                            ],
                            "sub": []
                        }
                    ]
                },
                {
                    "stat": [
                        "doPostDesignResolutionToVir2Vcs",
                        "exit",
                        0.23713302612304688,
                        0.240452,
                        0.087651999999999994,
                        375580,
                        442952,
                        0.024535999999999999,
                        0.029307,
                        1645515340.6464469,
                        640981582141343
                    ],
                    "sub": []
                },
                {
                    "stat": [
                        "doGAToPass2",
                        "entry",
                        0.23715019226074219,
                        0.24046600000000001,
                        0.087656999999999999,
                        375580,
                        442952,
                        0.024535999999999999,
                        0.029307,
                        1645515340.6464641,
                        640981582195039
                    ],
                    "sub": [
                        {
                            "stat": [
                                "DoPass2",
                                "entry",
                                0.25503396987915039,
                                0.24074799999999999,
                                0.090132000000000004,
                                374024,
                                442952,
                                0.034997,
                                0.036435000000000002,
                                1645515340.6643479,
                                640981645731536
                            ],
                            "sub": []
                        },
                        {
                            "stat": [
                                "DoPass2",
                                "exit",
                                0.54520797729492188,
                                0.55376199999999998,
                                0.099429000000000003,
                                375996,
                                442952,
                                0.034997,
                                0.036435000000000002,
                                1645515340.9545219,
                                640982675494799
                            ],
                            "sub": []
                        }
                    ]
                },
                {
                    "stat": [
                        "doGAToPass2",
                        "exit",
                        0.55853104591369629,
                        0.56274800000000003,
                        0.10485899999999999,
                        375996,
                        442952,
                        0.034997,
                        0.036435000000000002,
                        1645515340.967845,
                        640982722846127
                    ],