{
    "stat": {
        "ru_self_cgstart": {
            "ru_nivcsw": 13,
            "ru_utime_sec": 0.234824,
            "ru_maxrss_kb": 102216,
            "ru_stime_sec": 0.102005,
            "ru_minflt": 36243,
            "ru_majflt": 0,
            "ru_nvcsw": 339
        },
        "outputSizePerQuad": 48.429492244354805,
        "cpu_cycles_end": 54018480226064,
        "nQuads": 24047,
        "nMops": 86923,
        "ru_childs_cgstart": {
            "ru_nivcsw": 14,
            "ru_utime_sec": 0.027081999999999998,
            "ru_maxrss_kb": 58616,
            "ru_stime_sec": 0.042783000000000002,
            "ru_minflt": 18256,
            "ru_majflt": 0,
            "ru_nvcsw": 65
        },
        "cpu_cycles_cgstart": 54017350756304,
        "totalObjSize": 1164584,
        "ru_self_end": {
            "ru_nivcsw": 22,
            "ru_utime_sec": 0.55674500000000005,
            "ru_maxrss_kb": 115388,
            "ru_stime_sec": 0.12170599999999999,
            "ru_minflt": 41595,
            "ru_majflt": 0,
            "ru_nvcsw": 343
        },
        "CodeGen(%)": 55.139793123647927,
        "ru_childs_end": {
            "ru_nivcsw": 14,
            "ru_utime_sec": 0.027081999999999998,
            "ru_maxrss_kb": 58616,
            "ru_stime_sec": 0.042783000000000002,
            "ru_minflt": 18256,
            "ru_majflt": 0,
            "ru_nvcsw": 65
        },
        "cpu_cycles_total": 2013541436,
        "mop/quad": 3.6147128539942615,
        "mopSpeed": 270013.4505049375,
        "peak_mem_kb": 442952,
        "quadSpeed": 74698.450862168029,
        "Frontend(%)": 44.860206876352066,
        "realTime": 0.64490509033203125
    },
    "PrevCompiledModules": {},
    "cycles_program_begin": 54016466684628,
    "LVLData": [
        "SIM"
    ],
    "perf": [
        {
            "stat": [
                "main",
                "entry",
                0.01449894905090332,
                0.031463999999999999,
                0.011164,
                216400,
                216400,
                0.0,
                0.0,
                1647777217.9179029,
                54016466905364
            ],
            "sub": [
                {
                    "stat": [
                        "doParsingAndDesignResolution",
                        "entry",
                        0.0255889892578125,
                        0.032946999999999997,
                        0.018532,
                        270216,
                        271016,
                        0.0,
                        0.0,
                        1647777217.928993,
                        54016502288276
                    ],
                    "sub": []
                },
                {
                    "stat": [
                        "doParsingAndDesignResolution",
                        "exit",
                        0.096575021743774414,
                        0.079149999999999998,
                        0.080281000000000005,
                        379856,
                        442952,
                        0.0,
                        0.0,
                        1647777217.999979,
                        54016729069972
                    ],
                    "sub": []
                },
                {
                    "stat": [
                        "doPostDesignResolutionToVir2Vcs",
                        "entry",
                        0.11967110633850098,
                        0.097976999999999995,
                        0.084615999999999997,
                        358876,
                        442952,
                        0.0,
                        0.0,
                        1647777218.0230751,
                        54016803034322
                    ],
                    "sub": [
                        {
                            "stat": [
                                "doUptoVir2VcsNoSepCleanup",
                                "entry",
                                0.14627695083618164,
                                0.12102400000000001,
                                0.088170999999999999,
                                363488,
                                442952,
                                0.0,
                                0.0,
                                1647777218.0496809,
                                54016887766194
                            ],
                            "sub": []
                        },
                        {
                            "stat": [
                                "doUptoVir2VcsNoSepCleanup",
                                "exit",
                                0.26255297660827637,
                                0.22652600000000001,
                                0.098905999999999994,
                                375616,
                                442952,
                                0.0,
                                0.0,
                                1647777218.165957,
                                54017259182484
                            ],
                            "sub": []
                        },
                        {
                            "stat": [
                                "doRadify_vir2vcsAll",
                                "entry",
                                0.26262211799621582,
                                0.226575,
                                0.098927000000000001,
                                375616,
                                442952,
                                0.020799999999999999,
                                0.031262999999999999,
                                1647777218.1660261,
                                54017259336116
                            ],
                            "sub": []
                        },
                        {
                            "stat": [
                                "doRadify_vir2vcsAll",
                                "exit",
                                0.27136492729187012,
                                0.233433,
                                0.1008,
                                375616,
                                442952,
                                0.020799999999999999,
                                0.031262999999999999,
                                1647777218.1747689,
                                54017287321588
                            ],
                            "sub": []
                        }
                    ]
                },
                {
                    "stat": [
                        "doPostDesignResolutionToVir2Vcs",
                        "exit",
                        0.27140402793884277,
                        0.233461,
                        0.100812,
                        375616,
                        442952,
                        0.020799999999999999,
                        0.031262999999999999,
                        1647777218.174808,
                        54017287380660
                    ],
                    "sub": []
                },
                {
                    "stat": [
                        "doGAToPass2",
                        "entry",
                        0.27142190933227539,
                        0.23347300000000001,
                        0.100818,
                        375616,
                        442952,
                        0.020799999999999999,
                        0.031262999999999999,
                        1647777218.1748259,
                        54017287433524
                    ],