{
    "NameTable": {
        "excp_dbg": [
            "excp_dbg",
            "S3FV3",
            "module",
            4
        ],
        "std": [
            "std",
            "reYIK",
            "module",
            1
        ],
        "intagent": [
            "intagent",
            "Nvknd",
            "module",
            9
        ],
        "csr": [
            "csr",
            "cNThd",
            "module",
            2
        ],
        "sim_core_top": [
            "sim_core_top",
            "Jm6Rb",
            "module",
            10
        ],
        "decoder": [
            "decoder",
            "zf0bY",
            "module",
            3
        ],
        "ifu_top": [
            "ifu_top",
            "He9nS",
            "module",
            5
        ],
        "sirv_gnrl_dffr": [
            "sirv_gnrl_dffr",
            "Wnd0S",
            "module",
            7
        ],
        "wbck": [
            "wbck",
            "Da1cw",
            "module",
            8
        ],
        "...MASTER...": [
            "SIM",
            "amcQw",
            "module",
            11
        ],
        "multi_counter": [
            "multi_counter",
            "y12fA",
            "module",
            6
        ]
    },
    "cpu_cycles_pass2_start": 185670359533693,
    "cycles_program_begin": 185669415356972,
    "CurCompileUdps": {},
    "perf": [
        {
            "stat": [
                "main",
                "entry",
                0.017071962356567383,
                0.028844000000000002,
                0.014422000000000001,
                216400,
                216400,
                0.0,
                0.0,
                1646550875.479867,
                185669415583564
            ],
            "sub": [
                {
                    "stat": [
                        "doParsingAndDesignResolution",
                        "entry",
                        0.033015966415405273,
                        0.031015000000000001,
                        0.02171,
                        270216,
                        271016,
                        0.0,
                        0.0,
                        1646550875.495811,
                        185669466213821
                    ],
                    "sub": []
                },
                {
                    "stat": [
                        "doParsingAndDesignResolution",
                        "exit",
                        0.10384202003479004,
                        0.078340000000000007,
                        0.080611000000000002,
                        379736,
                        443336,
                        0.0,
                        0.0,
                        1646550875.566637,
                        185669691359212
                    ],
                    "sub": []
                },
                {
                    "stat": [
                        "doPostDesignResolutionToVir2Vcs",
                        "entry",
                        0.12615394592285156,
                        0.097322000000000006,
                        0.083898,
                        358792,
                        443336,
                        0.0,
                        0.0,
                        1646550875.588949,
                        185669762251372
                    ],
                    "sub": [
                        {
                            "stat": [
                                "doUptoVir2VcsNoSepCleanup",
                                "entry",
                                0.15286493301391602,
                                0.12388,
                                0.083898,
                                363472,
                                443336,
                                0.0,
                                0.0,
                                1646550875.61566,
                                185669847111692
                            ],
                            "sub": []
                        },
                        {
                            "stat": [
                                "doUptoVir2VcsNoSepCleanup",
                                "exit",
                                0.27371907234191895,
                                0.238173,
                                0.089715000000000003,
                                375576,
                                443336,
                                0.0,
                                0.0,
                                1646550875.7365141,
                                185670231221484
                            ],
                            "sub": []
                        },
                        {
                            "stat": [
                                "doRadify_vir2vcsAll",
                                "entry",
                                0.27379393577575684,
                                0.238228,
                                0.089735999999999996,
                                375576,
                                443336,
                                0.025121999999999998,
                                0.031362000000000001,
                                1646550875.736589,
                                185670231397900
                            ],
                            "sub": []
                        },
                        {
                            "stat": [
                                "doRadify_vir2vcsAll",
                                "exit",
                                0.28485393524169922,
                                0.24834999999999999,
                                0.090598999999999999,
                                375576,
                                443336,
                                0.025121999999999998,
                                0.031362000000000001,
                                1646550875.747649,
                                185670266737755
                            ],
                            "sub": []
                        }
                    ]
                },
                {
                    "stat": [
                        "doPostDesignResolutionToVir2Vcs",
                        "exit",
                        0.28493809700012207,
                        0.24841199999999999,
                        0.090621999999999994,
                        375576,
                        443336,
                        0.025121999999999998,
                        0.031362000000000001,
                        1646550875.7477331,
                        185670266812507
                    ],
                    "sub": []
                },
                {
                    "stat": [
                        "doGAToPass2",
                        "entry",
                        0.28496003150939941,
                        0.24842800000000001,
                        0.090628,
                        375576,
                        443336,
                        0.025121999999999998,
                        0.031362000000000001,
                        1646550875.7477551,
                        185670266873179
                    ],
                    "sub": [
                        {
                            "stat": [
                                "DoPass2",
                                "entry",
                                0.31407999992370605,
                                0.25038700000000003,
                                0.092022000000000007,
                                374020,
                                443336,
                                0.03696,
                                0.045164999999999997,
                                1646550875.776875,
                                185670359510717
                            ],