{
    "stat": {
        "ru_self_cgstart": {
            "ru_minflt": 35749,
            "ru_utime_sec": 0.24706900000000001,
            "ru_majflt": 0,
            "ru_stime_sec": 0.077408000000000005,
            "ru_maxrss_kb": 101420,
            "ru_nvcsw": 404,
            "ru_nivcsw": 13
        },
        "quadSpeed": 72916.865302594029,
        "peak_mem_kb": 442956,
        "ru_childs_cgstart": {
            "ru_minflt": 18189,
            "ru_utime_sec": 0.029394,
            "ru_majflt": 0,
            "ru_stime_sec": 0.039682000000000002,
            "ru_maxrss_kb": 58512,
            "ru_nvcsw": 66,
            "ru_nivcsw": 14
        },
        "cpu_cycles_cgstart": 112765050157519,
        "cpu_cycles_total": 1906909407,
        "totalObjSize": 1101666,
        "nMops": 82395,
        "ru_childs_end": {
            "ru_minflt": 18189,
            "ru_utime_sec": 0.029394,
            "ru_majflt": 0,
            "ru_stime_sec": 0.039682000000000002,
            "ru_maxrss_kb": 58512,
            "ru_nvcsw": 66,
            "ru_nivcsw": 14
        },
        "nQuads": 22943,
        "ru_self_end": {
            "ru_minflt": 40918,
            "ru_utime_sec": 0.56171499999999996,
            "ru_majflt": 0,
            "ru_stime_sec": 0.091839000000000004,
            "ru_maxrss_kb": 114040,
            "ru_nvcsw": 406,
            "ru_nivcsw": 20
        },
        "mopSpeed": 261865.71575675523,
        "cpu_cycles_end": 112766102840288,
        "mop/quad": 3.5912914614479363,
        "outputSizePerQuad": 48.017521684173822,
        "CodeGen(%)": 53.22977657251031,
        "Frontend(%)": 46.770223427489682,
        "realTime": 0.61172294616699219
    },
    "cycles_program_begin": 112764195930881,
    "perf": [
        {
            "stat": [
                "main",
                "entry",
                0.014702081680297852,
                0.024027,
                0.018020000000000001,
                216400,
                216400,
                0.0,
                0.0,
                1645703936.0299051,
                112764196175201
            ],
            "sub": [
                {
                    "stat": [
                        "doParsingAndDesignResolution",
                        "entry",
                        0.024173974990844727,
                        0.026647000000000001,
                        0.022547000000000001,
                        270216,
                        271016,
                        0.0,
                        0.0,
                        1645703936.039377,
                        112764226378114
                    ],
                    "sub": []
                },
                {
                    "stat": [
                        "doParsingAndDesignResolution",
                        "exit",
                        0.094166040420532227,
                        0.093228000000000005,
                        0.059931999999999999,
                        379720,
                        442956,
                        0.0,
                        0.0,
                        1645703936.109369,
                        112764449966210
                    ],
                    "sub": []
                },
                {
                    "stat": [
                        "doPostDesignResolutionToVir2Vcs",
                        "entry",
                        0.11599898338317871,
                        0.112691,
                        0.062363000000000002,
                        358868,
                        442956,
                        0.0,
                        0.0,
                        1645703936.131202,
                        112764519690274
                    ],
                    "sub": [
                        {
                            "stat": [
                                "doUptoVir2VcsNoSepCleanup",
                                "entry",
                                0.14138007164001465,
                                0.13506499999999999,
                                0.065347000000000002,
                                363476,
                                442956,
                                0.0,
                                0.0,
                                1645703936.1565831,
                                112764600749473
                            ],
                            "sub": []
                        },
                        {
                            "stat": [
                                "doUptoVir2VcsNoSepCleanup",
                                "exit",
                                0.25451302528381348,
                                0.240649,
                                0.072828000000000004,
                                375760,
                                442956,
                                0.0,
                                0.0,
                                1645703936.269716,
                                112764962103714
                            ],
                            "sub": []
                        },
                        {
                            "stat": [
                                "doRadify_vir2vcsAll",
                                "entry",
                                0.25458407402038574,
                                0.240705,
                                0.072844000000000006,
                                375760,
                                442956,
                                0.023587,
                                0.028462000000000001,
                                1645703936.2697871,
                                112764962259106
                            ],
                            "sub": []
                        },
                        {
                            "stat": [
                                "doRadify_vir2vcsAll",
                                "exit",
                                0.2631380558013916,
                                0.246862,
                                0.075223999999999999,
                                375760,
                                442956,
                                0.023587,
                                0.028462000000000001,
                                1645703936.2783411,
                                112764989638048
                            ],
                            "sub": []
                        }
                    ]
                },
                {
                    "stat": [
                        "doPostDesignResolutionToVir2Vcs",
                        "exit",
                        0.26317501068115234,
                        0.24689,
                        0.075231999999999993,
                        375760,
                        442956,
                        0.023587,
                        0.028462000000000001,
                        1645703936.278378,
                        112764989696480
                    ],
                    "sub": []
                },
                {
                    "stat": [
                        "doGAToPass2",
                        "entry",
                        0.26319289207458496,
                        0.24690400000000001,
                        0.075236999999999998,
                        375760,
                        442956,
                        0.023587,
                        0.028462000000000001,
                        1645703936.2783959,
                        112764989748928
                    ],