{
    "stat": {
        "quadSpeed": 69576.509542536762,
        "nMops": 82580,
        "ru_self_cgstart": {
            "ru_majflt": 0,
            "ru_utime_sec": 0.248195,
            "ru_maxrss_kb": 100644,
            "ru_stime_sec": 0.091462000000000002,
            "ru_nvcsw": 286,
            "ru_minflt": 35356,
            "ru_nivcsw": 16
        },
        "mop/quad": 3.6523662096417513,
        "nQuads": 22610,
        "ru_childs_cgstart": {
            "ru_majflt": 0,
            "ru_utime_sec": 0.036947000000000001,
            "ru_maxrss_kb": 58248,
            "ru_stime_sec": 0.031394999999999999,
            "ru_nvcsw": 60,
            "ru_minflt": 18169,
            "ru_nivcsw": 14
        },
        "mopSpeed": 254118.89243797815,
        "cpu_cycles_cgstart": 61535659133269,
        "realTime": 0.62914705276489258,
        "cpu_cycles_end": 61536736983913,
        "totalObjSize": 1089402,
        "ru_self_end": {
            "ru_majflt": 0,
            "ru_utime_sec": 0.57316100000000003,
            "ru_maxrss_kb": 113964,
            "ru_stime_sec": 0.103321,
            "ru_nvcsw": 288,
            "ru_minflt": 40860,
            "ru_nivcsw": 29
        },
        "ru_childs_end": {
            "ru_majflt": 0,
            "ru_utime_sec": 0.036947000000000001,
            "ru_maxrss_kb": 58248,
            "ru_stime_sec": 0.031394999999999999,
            "ru_nvcsw": 60,
            "ru_minflt": 18169,
            "ru_nivcsw": 14
        },
        "outputSizePerQuad": 48.182308712958864,
        "Frontend(%)": 46.736315537576957,
        "CodeGen(%)": 53.263684462423051,
        "peak_mem_kb": 442956,
        "cpu_cycles_total": 1956227892
    },
    "NameTable": {
        "std": [
            "std",
            "reYIK",
            "module",
            1
        ],
        "commit": [
            "commit",
            "kWEBF",
            "module",
            2
        ],
        "...MASTER...": [
            "SIM",
            "amcQw",
            "module",
            8
        ],
        "decoder": [
            "decoder",
            "zf0bY",
            "module",
            3
        ],
        "excp_dbg": [
            "excp_dbg",
            "S3FV3",
            "module",
            4
        ],
        "ifu_top": [
            "ifu_top",
            "He9nS",
            "module",
            5
        ],
        "wbck": [
            "wbck",
            "Da1cw",
            "module",
            6
        ],
        "sim_core_top": [
            "sim_core_top",
            "Jm6Rb",
            "module",
            7
        ]
    },
    "CurCompileUdps": {},
    "Misc": {
        "csrc_abs": "/home/ICer/shaw/riscv_core/makefile/csrc",
        "vcs_version": "O-2018.09-1_Full64",
        "VCS_HOME": "/home/synopsys/vcs-mx/O-2018.09-1",
        "vcs_build_date": "Build Date = Oct 12 2018 20:38:10",
        "master_pid": 58448,
        "daidir_abs": "/home/ICer/shaw/riscv_core/sim/simv_riscv_core.daidir",
        "hostname": "IC_EDA",
        "cwd": "/home/ICer/shaw/riscv_core/makefile",
        "daidir": "/home/ICer/shaw/riscv_core/sim/simv_riscv_core.daidir",
        "csrc": "csrc",
        "default_output_dir": "csrc",
        "archive_dir": "archive.0"
    },
    "cpu_cycles_pass2_start": 61535659053909,
    "cycles_program_begin": 61534780756021,
    "rlimit": {
        "data": -1,
        "stack": -1
    },
    "perf": [
        {
            "stat": [
                "main",
                "entry",
                0.016686916351318359,
                0.028719000000000001,
                0.017436,
                216400,
                216400,
                0.0,
                0.0,
                1644567021.9046049,
                61534780992885
            ],
            "sub": [
                {
                    "stat": [
                        "doParsingAndDesignResolution",
                        "entry",
                        0.029419898986816406,
                        0.030693000000000002,
                        0.025401,
                        270216,
                        271016,
                        0.0,
                        0.0,
                        1644567021.9173379,
                        61534821626933
                    ],
                    "sub": []
                },
                {
                    "stat": [
                        "doParsingAndDesignResolution",
                        "exit",
                        0.094732046127319336,
                        0.084203,
                        0.075661000000000006,
                        380804,
                        442956,
                        0.0,
                        0.0,
                        1644567021.98265,
                        61535030257495
                    ],
                    "sub": []
                },
                {
                    "stat": [
                        "doPostDesignResolutionToVir2Vcs",
                        "entry",
                        0.12353110313415527,
                        0.108029,
                        0.080725000000000005,
                        358828,
                        442956,
                        0.0,
                        0.0,
                        1644567022.0114491,
                        61535122244660
                    ],
                    "sub": [
                        {
                            "stat": [
                                "doUptoVir2VcsNoSepCleanup",
                                "entry",
                                0.14894199371337891,
                                0.12970799999999999,
                                0.084431999999999993,
                                363456,
                                442956,
                                0.0,
                                0.0,
                                1644567022.03686,
                                61535203384436
                            ],
                            "sub": []
                        },
                        {
                            "stat": [
                                "doUptoVir2VcsNoSepCleanup",
                                "exit",
                                0.26368308067321777,
                                0.240254,
                                0.088513999999999995,
                                375480,
                                442956,
                                0.0,
                                0.0,
                                1644567022.1516011,
                                61535569979877
                            ],
                            "sub": []
                        },
                        {
                            "stat": [
                                "doRadify_vir2vcsAll",
                                "entry",
                                0.26378989219665527,
                                0.240254,
                                0.088623999999999994,
                                375480,
                                442956,
                                0.028531000000000001,
                                0.022301999999999999,
                                1644567022.1517079,
                                61535570171077
                            ],