{
    "Modules": {
        "...MASTER...": {
            "start_perf": [
                0.29051399230957031,
                0.243086,
                0.109627,
                374068,
                442952,
                1647757834.6692729,
                14850268591378
            ],
            "child_modules": {
                "std": 1,
                "sim_core_top": 1,
                "excp_dbg": 1,
                "sirv_gnrl_dffr": 1
            },
            "nRouts": 9,
            "end_perf": [
                0.2933042049407959,
                0.24357699999999999,
                0.112236,
                375060,
                442952,
                14850278515090,
                0,
                0
            ],
            "nMops": 9,
            "nQuads": 5
        },
        "sirv_gnrl_dffr": {
            "start_perf": [
                0.45805120468139648,
                0.42243599999999998,
                0.116373,
                376044,
                442952,
                1647757834.8368101,
                14850863159232
            ],
            "child_modules": {},
            "Compiled": "Yes",
            "nMops": 183,
            "nQuads": 84,
            "Compiled Times": 1,
            "nRouts": 18,
            "end_perf": [
                0.46042919158935547,
                0.42501,
                0.116441,
                376044,
                442952,
                14850871666464,
                146028888065,
                0
            ]
        },
        "sim_core_top": {
            "start_perf": [
                0.47723603248596191,
                0.44253399999999998,
                0.117573,
                376044,
                442952,
                1647757834.8559949,
                14850931245760
            ],
            "child_modules": {
                "ifu_top": 1,
                "wbck": 1,
                "intagent": 1,
                "csr": 1,
                "multi_counter": 1,
                "decoder": 1
            },
            "Compiled": "Yes",
            "Compiled Times": 1,
            "nMops": 33972,
            "nQuads": 9875,
            "significant_routs": [
                [
                    1,
                    "R_VCSgd_Jm6Rb_1",
                    8623552,
                    8100,
                    1178
                ]
            ],
            "end_perf": [
                0.58999919891357422,
                0.56556700000000004,
                0.119794,
                376044,
                442952,
                14851331505280,
                171798691841,
                0
            ],
            "nRouts": 1097
        },
        "std": {
            "start_perf": [
                0.29336309432983398,
                0.24362200000000001,
                0.112257,
                375060,
                442952,
                1647757834.672122,
                14850278706386
            ],
            "child_modules": {},
            "Compiled": "Yes",
            "Compiled Times": 1,
            "nMops": 528,
            "nQuads": 218,
            "end_perf": [
                0.29903817176818848,
                0.249002,
                0.113182,
                376040,
                442952,
                14850298867506,
                8589934594,
                0
            ],
            "svclass": [
                "$vcs_nba_dyn_obj",
                576,
                35,
                2,
                2,
                0,
                "sigprop$$",
                576,
                35,
                2,
                2,
                0,
                "process",
                2380,
                200,
                8,
                8,
                0,
                "event",
                597,
                34,
                2,
                2,
                0,
                "mailbox",
                1769,
                140,
                9,
                9,
                0,
                "semaphore",
                1119,
                84,
                5,
                5,
                0
            ],
            "nRouts": 33
        },
        "csr": {
            "start_perf": [
                0.29906702041625977,
                0.249024,
                0.113193,
                376040,
                442952,
                1647757834.6778259,
                14850298940370
            ],
            "child_modules": {},
            "Compiled": "Yes",
            "nMops": 9637,
            "nQuads": 2865,
            "Compiled Times": 1,
            "nRouts": 316,
            "end_perf": [
                0.33261418342590332,
                0.286024,
                0.113464,
                376044,
                442952,
                14850418087808,
                34359738369,
                0
            ]
        },
        "decoder": {
            "start_perf": [
                0.33266615867614746,
                0.28606599999999999,
                0.113481,
                376044,
                442952,
                1647757834.7114251,
                14850418182912
            ],
            "child_modules": {},
            "Compiled": "Yes",
            "Compiled Times": 1,
            "nMops": 33281,
            "nQuads": 7614,
            "significant_routs": [
                [
                    1,
                    "R_VCSgd_zf0bY_1",
                    9902976,
                    10482,
                    1384
                ],
                [
                    204,
                    "R_VCSgd_zf0bY_cc",
                    9619616,
                    9112,
                    1548
                ],
                [
                    344,
                    "R_VCSgd_zf0bY_158",
                    7394910,
                    8224,
                    1169
                ],
                [
                    345,
                    "R_VCSgd_zf0bY_159",
                    7830624,
                    8453,
                    1426
                ],
                [
                    388,
                    "R_VCSgd_zf0bY_184",
                    6547648,
                    6676,
                    1054
                ]
            ],
            "end_perf": [
                0.42839598655700684,
                0.39241599999999999,
                0.113481,
                376044,
                442952,
                14850757981920,
                42949672961,
                0
            ],
            "nRouts": 523
        },
        "excp_dbg": {
            "start_perf": [
                0.42847299575805664,
                0.39249099999999998,
                0.113481,
                376044,
                442952,
                1647757834.8072319,
                14850758201472
            ],
            "child_modules": {},
            "Compiled": "Yes",
            "nMops": 1451,
            "nQuads": 486,
            "Compiled Times": 1,
            "nRouts": 55,
            "end_perf": [
                0.43587899208068848,
                0.40072000000000002,
                0.113481,
                376044,
                442952,
                14850784501216,
                60129542145,
                0
            ]
        },
        "ifu_top": {
            "start_perf": [
                0.43590903282165527,
                0.40075300000000003,
                0.113481,
                376044,
                442952,
                1647757834.8146679,
                14850784581472
            ],
            "child_modules": {},
            "Compiled": "Yes",
            "nMops": 3739,
            "nQuads": 1417,
            "Compiled Times": 1,
            "nRouts": 128,