{
    "reusePaths": {},
    "Modules": {
        "...MASTER...": {
            "nQuads": 6,
            "end_perf": [
                0.25868701934814453,
                0.233823,
                0.089574000000000001,
                375140,
                442952,
                74441740112482,
                0,
                0
            ],
            "start_perf": [
                0.25616884231567383,
                0.23316400000000001,
                0.087436,
                374152,
                442952,
                1645691936.8812759,
                74441731156386
            ],
            "child_modules": {
                "sim_core_top": 1,
                "excp_dbg": 1,
                "dff_chain": 1,
                "std": 1
            },
            "nMops": 11,
            "nRouts": 10
        },
        "std": {
            "start_perf": [
                0.25874185562133789,
                0.23386799999999999,
                0.089591000000000004,
                375140,
                442952,
                1645691936.8838489,
                74441740288514
            ],
            "end_perf": [
                0.26452803611755371,
                0.23811599999999999,
                0.091761999999999996,
                376124,
                442952,
                74441760870056,
                8589934594,
                0
            ],
            "nQuads": 218,
            "child_modules": {},
            "Compiled Times": 1,
            "Compiled": "Yes",
            "svclass": [
                "$vcs_nba_dyn_obj",
                576,
                35,
                2,
                2,
                0,
                "sigprop$$",
                576,
                35,
                2,
                2,
                0,
                "process",
                2380,
                200,
                8,
                8,
                0,
                "event",
                597,
                34,
                2,
                2,
                0,
                "mailbox",
                1769,
                140,
                9,
                9,
                0,
                "semaphore",
                1119,
                84,
                5,
                5,
                0
            ],
            "nMops": 528,
            "nRouts": 33
        },
        "decoder": {
            "start_perf": [
                0.26456594467163086,
                0.238147,
                0.091772999999999993,
                376124,
                442952,
                1645691936.889673,
                74441760964680
            ],
            "end_perf": [
                0.36069893836975098,
                0.34244799999999997,
                0.094229999999999994,
                376128,
                442952,
                74442102224961,
                42949672961,
                0
            ],
            "nQuads": 7614,
            "child_modules": {},
            "Compiled Times": 1,
            "Compiled": "Yes",
            "significant_routs": [
                [
                    1,
                    "R_VCSgd_zf0bY_1",
                    9906144,
                    10482,
                    1384
                ],
                [
                    204,
                    "R_VCSgd_zf0bY_cc",
                    9818144,
                    9112,
                    1548
                ],
                [
                    344,
                    "R_VCSgd_zf0bY_158",
                    7432448,
                    8224,
                    1169
                ],
                [
                    345,
                    "R_VCSgd_zf0bY_159",
                    7763104,
                    8453,
                    1426
                ],
                [
                    388,
                    "R_VCSgd_zf0bY_184",
                    6557056,
                    6676,
                    1054
                ]
            ],
            "nMops": 33281,
            "nRouts": 523
        },
        "multi_counter": {
            "nQuads": 237,
            "end_perf": [
                0.39751696586608887,
                0.380131,
                0.097322000000000006,
                376128,
                442952,
                74442232845040,
                111669149697,
                0
            ],
            "start_perf": [
                0.39207100868225098,
                0.37418800000000002,
                0.097266000000000005,
                376128,
                442952,
                1645691937.0171781,
                74442213449392
            ],
            "child_modules": {},
            "Compiled Times": 1,
            "Compiled": "Yes",
            "nMops": 777,
            "nRouts": 29
        },
        "dff_chain": {
            "nQuads": 178,
            "end_perf": [
                0.40362095832824707,
                0.38373200000000002,
                0.10050099999999999,
                376128,
                442952,
                74442254514800,
                158913789953,
                0
            ],
            "start_perf": [
                0.40021395683288574,
                0.382073,
                0.098377999999999993,
                376128,
                442952,
                1645691937.025321,
                74442242346352
            ],
            "child_modules": {},
            "Compiled Times": 1,
            "Compiled": "Yes",
            "nMops": 290,
            "nRouts": 33
        },
        "excp_dbg": {
            "nQuads": 486,
            "end_perf": [
                0.36840391159057617,
                0.34998000000000001,
                0.095240000000000005,
                376128,
                442952,
                74442129507745,
                60129542145,
                0
            ],
            "start_perf": [
                0.36075186729431152,
                0.34249600000000002,
                0.094243999999999994,
                376128,
                442952,
                1645691936.9858589,
                74442102301825
            ],
            "child_modules": {},
            "Compiled Times": 1,
            "Compiled": "Yes",
            "nMops": 1451,
            "nRouts": 55
        },
        "ifu_top": {
            "nQuads": 1757,
            "end_perf": [
                0.39201593399047852,
                0.374139,
                0.097253000000000006,
                376128,
                442952,
                74442213366096,
                85899345921,
                0
            ],
            "start_perf": [
                0.36844587326049805,
                0.35001700000000002,
                0.095250000000000001,
                376128,
                442952,
                1645691936.9935529,
                74442129612801
            ],
            "child_modules": {},
            "Compiled Times": 1,
            "Compiled": "Yes",
            "nMops": 5537,
            "nRouts": 163
        },
        "wbck": {
            "nQuads": 89,
            "end_perf": [
                0.40018606185913086,
                0.382048,
                0.098371,
                376128,
                442952,
                74442242277264,
                150323855361,
                0
            ],
            "start_perf": [
                0.39755702018737793,
                0.38016800000000001,
                0.097332000000000002,
                376128,
                442952,
                1645691937.0226641,
                74442232922224
            ],
            "child_modules": {},
            "Compiled Times": 1,
            "Compiled": "Yes",
            "nMops": 362,
            "nRouts": 14
        },