{
    "Modules": {
        "...MASTER...": {
            "nMops": 9,
            "start_perf": [
                0.28912806510925293,
                0.249801,
                0.083260000000000001,
                374216,
                442952,
                1646314663.884414,
                166737544462564
            ],
            "child_modules": {
                "sirv_gnrl_dffr": 1,
                "sim_core_top": 1,
                "excp_dbg": 1,
                "std": 1
            },
            "end_perf": [
                0.29161620140075684,
                0.25059999999999999,
                0.084948999999999997,
                375208,
                442952,
                166737552424324,
                0,
                0
            ],
            "nQuads": 5,
            "nRouts": 9
        },
        "std": {
            "nMops": 528,
            "start_perf": [
                0.29167819023132324,
                0.25064599999999998,
                0.084964999999999999,
                375208,
                442952,
                1646314663.8869641,
                166737552696516
            ],
            "Compiled Times": 1,
            "child_modules": {},
            "Compiled": "Yes",
            "end_perf": [
                0.2980201244354248,
                0.25619999999999998,
                0.085752999999999996,
                376188,
                442952,
                166737572883364,
                8589934594,
                0
            ],
            "nRouts": 33,
            "svclass": [
                "$vcs_nba_dyn_obj",
                576,
                35,
                2,
                2,
                0,
                "sigprop$$",
                576,
                35,
                2,
                2,
                0,
                "process",
                2380,
                200,
                8,
                8,
                0,
                "event",
                597,
                34,
                2,
                2,
                0,
                "mailbox",
                1769,
                140,
                9,
                9,
                0,
                "semaphore",
                1119,
                84,
                5,
                5,
                0
            ],
            "nQuads": 218
        },
        "decoder": {
            "nMops": 33281,
            "start_perf": [
                0.29805302619934082,
                0.25622499999999998,
                0.085761000000000004,
                376188,
                442952,
                1646314663.8933389,
                166737572958372
            ],
            "significant_routs": [
                [
                    1,
                    "R_VCSgd_zf0bY_1",
                    9710304,
                    10482,
                    1384
                ],
                [
                    204,
                    "R_VCSgd_zf0bY_cc",
                    9193536,
                    9112,
                    1548
                ],
                [
                    344,
                    "R_VCSgd_zf0bY_158",
                    6933152,
                    8224,
                    1169
                ],
                [
                    345,
                    "R_VCSgd_zf0bY_159",
                    7675296,
                    8453,
                    1426
                ],
                [
                    388,
                    "R_VCSgd_zf0bY_184",
                    6705056,
                    6676,
                    1054
                ]
            ],
            "Compiled Times": 1,
            "child_modules": {},
            "Compiled": "Yes",
            "end_perf": [
                0.40365719795227051,
                0.35951899999999998,
                0.088044999999999998,
                376192,
                442952,
                166737910339237,
                42949672961,
                0
            ],
            "nQuads": 7614,
            "nRouts": 523
        },
        "excp_dbg": {
            "nMops": 1451,
            "start_perf": [
                0.40370607376098633,
                0.35955900000000002,
                0.088054999999999994,
                376192,
                442952,
                1646314663.998992,
                166737910556933
            ],
            "Compiled Times": 1,
            "child_modules": {},
            "Compiled": "Yes",
            "end_perf": [
                0.41216707229614258,
                0.36610300000000001,
                0.089955999999999994,
                376192,
                442952,
                166737937475205,
                60129542145,
                0
            ],
            "nQuads": 486,
            "nRouts": 55
        },
        "ifu_top": {
            "nMops": 5017,
            "start_perf": [
                0.4122011661529541,
                0.36613099999999998,
                0.089963000000000001,
                376192,
                442952,
                1646314664.0074871,
                166737937548613
            ],
            "Compiled Times": 1,
            "child_modules": {},
            "Compiled": "Yes",
            "end_perf": [
                0.43550920486450195,
                0.38943299999999997,
                0.089963000000000001,
                376192,
                442952,
                166738012088421,
                85899345921,
                0
            ],
            "nQuads": 1569,
            "nRouts": 141
        },
        "multi_counter": {
            "nMops": 777,
            "start_perf": [
                0.43556904792785645,
                0.38949400000000001,
                0.089963000000000001,
                376192,
                442952,
                1646314664.0308549,
                166738012188549
            ],
            "Compiled Times": 1,
            "child_modules": {},
            "Compiled": "Yes",
            "end_perf": [
                0.44138121604919434,
                0.39447100000000002,
                0.090790999999999997,
                376192,
                442952,
                166738030818309,
                111669149697,
                0
            ],
            "nQuads": 237,
            "nRouts": 29
        },
        "intagent": {
            "nMops": 2885,
            "start_perf": [
                0.44663619995117188,
                0.39971800000000002,
                0.090799000000000005,
                376192,
                442952,
                1646314664.0419221,
                166738047534981
            ],
            "Compiled Times": 1,
            "child_modules": {},
            "Compiled": "Yes",
            "end_perf": [
                0.4622352123260498,
                0.41341600000000001,
                0.092679999999999998,
                376192,
                442952,
                166738097431045,
                167503724545,
                0
            ],
            "nQuads": 1123,
            "nRouts": 139
        },
        "sirv_gnrl_dffr": {
            "nMops": 183,
            "start_perf": [
                0.44142699241638184,
                0.394509,
                0.090799000000000005,
                376192,
                442952,
                1646314664.0367129,
                166738030896773
            ],
            "Compiled Times": 1,
            "child_modules": {},
            "Compiled": "Yes",
            "end_perf": [
                0.44388914108276367,
                0.39696999999999999,
                0.090799000000000005,
                376192,
                442952,
                166738038792165,
                146028888065,
                0
            ],
            "nQuads": 84,
            "nRouts": 18
        },
        "wbck": {
            "nMops": 362,