{
    "Modules": {
        "...MASTER...": {
            "start_perf": [
                0.24606704711914062,
                0.23680300000000001,
                0.093247999999999998,
                374204,
                442952,
                1645708038.761107,
                8435312977169
            ],
            "child_modules": {
                "excp_dbg": 1,
                "sim_core_top": 1,
                "std": 1,
                "dff_chain": 1
            },
            "end_perf": [
                0.24844217300415039,
                0.23851,
                0.09418,
                375196,
                442952,
                8435321421937,
                0,
                0
            ],
            "nQuads": 6,
            "nMops": 11,
            "nRouts": 10
        },
        "dff_chain": {
            "start_perf": [
                0.39133214950561523,
                0.38726300000000002,
                0.100357,
                376180,
                442952,
                1645708038.9063721,
                8435828503761
            ],
            "child_modules": {},
            "Compiled": "Yes",
            "end_perf": [
                0.39403510093688965,
                0.39013399999999998,
                0.10048899999999999,
                376180,
                442952,
                8435838127921,
                158913789953,
                0
            ],
            "Compiled Times": 1,
            "nQuads": 178,
            "nMops": 290,
            "nRouts": 33
        },
        "std": {
            "start_perf": [
                0.24849510192871094,
                0.23855199999999999,
                0.094197000000000003,
                375196,
                442952,
                1645708038.763535,
                8435321593905
            ],
            "child_modules": {},
            "Compiled": "Yes",
            "end_perf": [
                0.25504612922668457,
                0.241697,
                0.097655000000000006,
                376176,
                442952,
                8435344894691,
                8589934594,
                0
            ],
            "Compiled Times": 1,
            "nRouts": 33,
            "svclass": [
                "$vcs_nba_dyn_obj",
                576,
                35,
                2,
                2,
                0,
                "sigprop$$",
                576,
                35,
                2,
                2,
                0,
                "process",
                2380,
                200,
                8,
                8,
                0,
                "event",
                597,
                34,
                2,
                2,
                0,
                "mailbox",
                1769,
                140,
                9,
                9,
                0,
                "semaphore",
                1119,
                84,
                5,
                5,
                0
            ],
            "nQuads": 218,
            "nMops": 528
        },
        "decoder": {
            "start_perf": [
                0.25508499145507812,
                0.241728,
                0.097667000000000004,
                376176,
                442952,
                1645708038.7701249,
                8435344973763
            ],
            "child_modules": {},
            "Compiled": "Yes",
            "end_perf": [
                0.35207915306091309,
                0.34551900000000002,
                0.098549999999999999,
                376180,
                442952,
                8435689300772,
                42949672961,
                0
            ],
            "Compiled Times": 1,
            "significant_routs": [
                [
                    1,
                    "R_VCSgd_zf0bY_1",
                    9852416,
                    10482,
                    1384
                ],
                [
                    204,
                    "R_VCSgd_zf0bY_cc",
                    8728672,
                    9112,
                    1548
                ],
                [
                    344,
                    "R_VCSgd_zf0bY_158",
                    6633696,
                    8224,
                    1169
                ],
                [
                    345,
                    "R_VCSgd_zf0bY_159",
                    7399392,
                    8453,
                    1426
                ],
                [
                    388,
                    "R_VCSgd_zf0bY_184",
                    6506624,
                    6676,
                    1054
                ]
            ],
            "nQuads": 7614,
            "nMops": 33281,
            "nRouts": 523
        },
        "multi_counter": {
            "start_perf": [
                0.38348817825317383,
                0.37914199999999998,
                0.099781999999999996,
                376180,
                442952,
                1645708038.8985281,
                8435800663780
            ],
            "child_modules": {},
            "Compiled": "Yes",
            "end_perf": [
                0.38857507705688477,
                0.38479400000000002,
                0.099781999999999996,
                376180,
                442952,
                8435818783364,
                111669149697,
                0
            ],
            "Compiled Times": 1,
            "nQuads": 237,
            "nMops": 777,
            "nRouts": 29
        },
        "sim_core_top": {
            "start_perf": [
                0.39406418800354004,
                0.39016000000000001,
                0.100495,
                376180,
                442952,
                1645708038.9091041,
                8435838199121
            ],
            "child_modules": {
                "ifu_top": 1,
                "decoder": 1,
                "multi_counter": 1,
                "wbck": 1
            },
            "Compiled": "Yes",
            "end_perf": [
                0.52630114555358887,
                0.53499600000000003,
                0.10256999999999999,
                376180,
                442952,
                8436307571940,
                163208757249,
                0
            ],
            "Compiled Times": 1,
            "significant_routs": [
                [
                    1,
                    "R_VCSgd_Jm6Rb_1",
                    10853344,
                    10189,
                    1402
                ],
                [
                    601,
                    "R_VCSgd_Jm6Rb_259",
                    4932576,
                    6087,
                    994
                ],
                [
                    1063,
                    "R_VCSgd_Jm6Rb_427",
                    4391360,
                    5988,
                    974
                ]
            ],
            "nQuads": 12353,
            "nMops": 40141,
            "nRouts": 1351
        },
        "excp_dbg": {
            "start_perf": [
                0.35213208198547363,
                0.34556599999999998,
                0.098562999999999998,
                376180,
                442952,
                1645708038.867172,
                8435689397412
            ],
            "child_modules": {},
            "Compiled": "Yes",
            "end_perf": [
                0.35972499847412109,
                0.35277500000000001,
                0.099774000000000002,
                376180,
                442952,
                8435716365700,
                60129542145,
                0
            ],
            "Compiled Times": 1,
            "nQuads": 486,
            "nMops": 1451,
            "nRouts": 55
        },