{
    "Modules": {
        "...MASTER...": {
            "end_perf": [
                0.30332493782043457,
                0.247725,
                0.095926999999999998,
                375072,
                442952,
                158177376620334,
                0,
                0
            ],
            "start_perf": [
                0.30012011528015137,
                0.24662999999999999,
                0.093802999999999997,
                374080,
                442952,
                1646040300.9143131,
                158177366359342
            ],
            "child_modules": {
                "std": 1,
                "sim_core_top": 1,
                "dff_chain": 1,
                "excp_dbg": 1,
                "sirv_gnrl_dffr": 1
            },
            "nQuads": 7,
            "nMops": 13,
            "nRouts": 11
        },
        "ifu_top": {
            "end_perf": [
                0.49898195266723633,
                0.43660700000000002,
                0.10261199999999999,
                376056,
                442952,
                158178001631034,
                85899345921,
                0
            ],
            "start_perf": [
                0.4717719554901123,
                0.409414,
                0.10261199999999999,
                376056,
                442952,
                1646040301.0859649,
                158177914588410
            ],
            "child_modules": {},
            "Compiled": "Yes",
            "Compiled Times": 1,
            "nQuads": 1762,
            "nMops": 5554,
            "nRouts": 165
        },
        "excp_dbg": {
            "end_perf": [
                0.47173213958740234,
                0.40938200000000002,
                0.102604,
                376056,
                442952,
                158177914504026,
                60129542145,
                0
            ],
            "start_perf": [
                0.4629061222076416,
                0.40068399999999998,
                0.10249999999999999,
                376056,
                442952,
                1646040301.0770991,
                158177886273818
            ],
            "child_modules": {},
            "Compiled": "Yes",
            "Compiled Times": 1,
            "nQuads": 486,
            "nMops": 1451,
            "nRouts": 55
        },
        "multi_counter": {
            "end_perf": [
                0.50491595268249512,
                0.442525,
                0.10261199999999999,
                376056,
                442952,
                158178020506682,
                111669149697,
                0
            ],
            "start_perf": [
                0.49905610084533691,
                0.43668200000000001,
                0.10261199999999999,
                376056,
                442952,
                1646040301.1132491,
                158178001749050
            ],
            "child_modules": {},
            "Compiled": "Yes",
            "Compiled Times": 1,
            "nQuads": 237,
            "nMops": 777,
            "nRouts": 29
        },
        "sim_core_top": {
            "significant_routs": [
                [
                    1,
                    "R_VCSgd_Jm6Rb_1",
                    8260448,
                    7775,
                    1100
                ],
                [
                    581,
                    "R_VCSgd_Jm6Rb_245",
                    4690656,
                    6087,
                    994
                ],
                [
                    869,
                    "R_VCSgd_Jm6Rb_365",
                    4858048,
                    5988,
                    974
                ]
            ],
            "end_perf": [
                0.64671492576599121,
                0.58217799999999997,
                0.10473,
                376056,
                442952,
                158178473442669,
                163208757249,
                0
            ],
            "start_perf": [
                0.51417398452758789,
                0.45114300000000002,
                0.10323599999999999,
                376056,
                442952,
                1646040301.1283669,
                158178050019213
            ],
            "child_modules": {
                "ifu_top": 1,
                "decoder": 1,
                "csr": 1,
                "multi_counter": 1,
                "wbck": 1
            },
            "Compiled": "Yes",
            "Compiled Times": 1,
            "nQuads": 9960,
            "nMops": 33983,
            "nRouts": 1093
        },
        "std": {
            "end_perf": [
                0.31161212921142578,
                0.25286799999999998,
                0.099040000000000003,
                376052,
                442952,
                158177403096894,
                8589934594,
                0
            ],
            "start_perf": [
                0.3034060001373291,
                0.247784,
                0.095949999999999994,
                375072,
                442952,
                1646040300.917599,
                158177376829678
            ],
            "child_modules": {},
            "Compiled": "Yes",
            "svclass": [
                "$vcs_nba_dyn_obj",
                576,
                35,
                2,
                2,
                0,
                "sigprop$$",
                576,
                35,
                2,
                2,
                0,
                "process",
                2380,
                200,
                8,
                8,
                0,
                "event",
                597,
                34,
                2,
                2,
                0,
                "mailbox",
                1769,
                140,
                9,
                9,
                0,
                "semaphore",
                1119,
                84,
                5,
                5,
                0
            ],
            "Compiled Times": 1,
            "nQuads": 218,
            "nMops": 528,
            "nRouts": 33
        },
        "decoder": {
            "significant_routs": [
                [
                    1,
                    "R_VCSgd_zf0bY_1",
                    9830016,
                    10482,
                    1384
                ],
                [
                    204,
                    "R_VCSgd_zf0bY_cc",
                    9357728,
                    9112,
                    1548
                ],
                [
                    344,
                    "R_VCSgd_zf0bY_158",
                    7069728,
                    8224,
                    1169
                ],
                [
                    345,
                    "R_VCSgd_zf0bY_159",
                    7919584,
                    8453,
                    1426
                ],
                [
                    388,
                    "R_VCSgd_zf0bY_184",
                    6601856,
                    6676,
                    1054
                ]
            ],
            "end_perf": [
                0.46285009384155273,
                0.40063799999999999,
                0.102488,
                376056,
                442952,
                158177886184442,
                42949672961,
                0
            ],
            "start_perf": [
                0.35420608520507812,
                0.29509000000000002,
                0.099409999999999998,
                376056,
                442952,
                1646040300.968399,
                158177539085722
            ],
            "child_modules": {},
            "Compiled": "Yes",
            "Compiled Times": 1,
            "nQuads": 7614,
            "nMops": 33281,
            "nRouts": 523
        },