{
    "Modules": {
        "...MASTER...": {
            "nRouts": 8,
            "start_perf": [
                0.27446484565734863,
                0.22555600000000001,
                0.128555,
                374012,
                442952,
                1645080677.1667809,
                417581711290436
            ],
            "child_modules": {
                "sim_core_top": 1,
                "std": 1,
                "excp_dbg": 1
            },
            "nMops": 7,
            "end_perf": [
                0.27692580223083496,
                0.22740099999999999,
                0.129444,
                375004,
                442952,
                417581720085508,
                0,
                0
            ],
            "nQuads": 4
        },
        "multi_counter": {
            "nRouts": 29,
            "start_perf": [
                0.43555283546447754,
                0.389741,
                0.143287,
                375988,
                442952,
                1645080677.3278689,
                417582282968261
            ],
            "child_modules": {},
            "Compiled Times": 1,
            "Compiled": "Yes",
            "nMops": 777,
            "end_perf": [
                0.44116592407226562,
                0.39582499999999998,
                0.14341499999999999,
                375988,
                442952,
                417582302957637,
                111669149697,
                0
            ],
            "nQuads": 237
        },
        "excp_dbg": {
            "nRouts": 55,
            "start_perf": [
                0.4037330150604248,
                0.35714600000000002,
                0.14055400000000001,
                375988,
                442952,
                1645080677.2960491,
                417582170037637
            ],
            "child_modules": {},
            "Compiled Times": 1,
            "Compiled": "Yes",
            "nMops": 1451,
            "end_perf": [
                0.41156291961669922,
                0.36482700000000001,
                0.14155699999999999,
                375988,
                442952,
                417582197873253,
                60129542145,
                0
            ],
            "nQuads": 486
        },
        "std": {
            "start_perf": [
                0.27700591087341309,
                0.22745899999999999,
                0.12947600000000001,
                375004,
                442952,
                1645080677.169322,
                417581720305092
            ],
            "child_modules": {},
            "Compiled Times": 1,
            "Compiled": "Yes",
            "nMops": 528,
            "end_perf": [
                0.28274893760681152,
                0.23289399999999999,
                0.13042100000000001,
                375984,
                442952,
                417581740747733,
                8589934594,
                0
            ],
            "svclass": [
                "$vcs_nba_dyn_obj",
                576,
                35,
                2,
                2,
                0,
                "sigprop$$",
                576,
                35,
                2,
                2,
                0,
                "process",
                2380,
                200,
                8,
                8,
                0,
                "event",
                597,
                34,
                2,
                2,
                0,
                "mailbox",
                1769,
                140,
                9,
                9,
                0,
                "semaphore",
                1119,
                84,
                5,
                5,
                0
            ],
            "nQuads": 218,
            "nRouts": 33
        },
        "commit": {
            "nRouts": 200,
            "start_perf": [
                0.28279280662536621,
                0.23292599999999999,
                0.130439,
                375984,
                442952,
                1645080677.1751089,
                417581740837333
            ],
            "child_modules": {},
            "Compiled Times": 1,
            "Compiled": "Yes",
            "nMops": 5034,
            "end_perf": [
                0.30629181861877441,
                0.25575599999999998,
                0.13369,
                375988,
                442952,
                417581824308212,
                25769803777,
                0
            ],
            "nQuads": 1416
        },
        "decoder": {
            "start_perf": [
                0.30633687973022461,
                0.25578899999999999,
                0.13370699999999999,
                375988,
                442952,
                1645080677.198653,
                417581824390388
            ],
            "child_modules": {},
            "Compiled": "Yes",
            "significant_routs": [
                [
                    1,
                    "R_VCSgd_zf0bY_1",
                    10097472,
                    10482,
                    1384
                ],
                [
                    204,
                    "R_VCSgd_zf0bY_cc",
                    9376800,
                    9112,
                    1548
                ],
                [
                    344,
                    "R_VCSgd_zf0bY_158",
                    7122432,
                    8224,
                    1169
                ],
                [
                    345,
                    "R_VCSgd_zf0bY_159",
                    7782368,
                    8453,
                    1426
                ],
                [
                    388,
                    "R_VCSgd_zf0bY_184",
                    6436544,
                    6676,
                    1054
                ]
            ],
            "Compiled Times": 1,
            "nMops": 33282,
            "end_perf": [
                0.40368080139160156,
                0.357103,
                0.140537,
                375988,
                442952,
                417582169952261,
                42949672961,
                0
            ],
            "nQuads": 7613,
            "nRouts": 523
        },
        "ifu_top": {
            "nRouts": 162,
            "start_perf": [
                0.41160082817077637,
                0.36485899999999999,
                0.141569,
                375988,
                442952,
                1645080677.3039169,
                417582197961093
            ],
            "child_modules": {},
            "Compiled Times": 1,
            "Compiled": "Yes",
            "nMops": 5538,
            "end_perf": [
                0.43547797203063965,
                0.389679,
                0.143264,
                375988,
                442952,
                417582282830341,
                85899345921,
                0
            ],
            "nQuads": 1756
        },
        "wbck": {
            "nRouts": 14,
            "start_perf": [
                0.44121384620666504,
                0.39586399999999999,
                0.143429,
                375988,
                442952,
                1645080677.3335299,
                417582303051333
            ],
            "child_modules": {},
            "Compiled Times": 1,
            "Compiled": "Yes",
            "nMops": 363,
            "end_perf": [
                0.4439089298248291,
                0.39885799999999999,
                0.143429,
                375988,
                442952,
                417582312666085,
                150323855361,
                0
            ],
            "nQuads": 89
        },