{
    "Modules": {
        "wbck": {
            "nRouts": 14,
            "start_perf": [
                0.51860308647155762,
                0.44238,
                0.103393,
                375996,
                443336,
                1646550875.9813981,
                185671009419451
            ],
            "Compiled": "Yes",
            "child_modules": {},
            "nQuads": 89,
            "Compiled Times": 1,
            "nMops": 362,
            "end_perf": [
                0.52140188217163086,
                0.44515100000000002,
                0.103393,
                375996,
                443336,
                185671018358267,
                150323855361,
                0
            ]
        },
        "sirv_gnrl_dffr": {
            "nRouts": 18,
            "start_perf": [
                0.51589393615722656,
                0.43968400000000002,
                0.103393,
                375996,
                443336,
                1646550875.978689,
                185671000808251
            ],
            "Compiled": "Yes",
            "child_modules": {},
            "nQuads": 84,
            "Compiled Times": 1,
            "nMops": 183,
            "end_perf": [
                0.51856803894042969,
                0.44234499999999999,
                0.103393,
                375996,
                443336,
                185671009347067,
                146028888065,
                0
            ]
        },
        "...MASTER...": {
            "nRouts": 9,
            "start_perf": [
                0.31419491767883301,
                0.25047199999999997,
                0.092052999999999996,
                374020,
                443336,
                1646550875.7769899,
                185670359796733
            ],
            "child_modules": {
                "sim_core_top": 1,
                "std": 1,
                "excp_dbg": 1,
                "sirv_gnrl_dffr": 1
            },
            "nMops": 9,
            "end_perf": [
                0.31850600242614746,
                0.25368600000000002,
                0.093124999999999999,
                375012,
                443336,
                185670373621117,
                0,
                0
            ],
            "nQuads": 5
        },
        "multi_counter": {
            "nRouts": 29,
            "start_perf": [
                0.50970101356506348,
                0.43456499999999998,
                0.10237300000000001,
                375996,
                443336,
                1646550875.972496,
                185670981131131
            ],
            "Compiled": "Yes",
            "child_modules": {},
            "nQuads": 237,
            "Compiled Times": 1,
            "nMops": 777,
            "end_perf": [
                0.51584506034851074,
                0.43964399999999998,
                0.103384,
                375996,
                443336,
                185671000725755,
                111669149697,
                0
            ]
        },
        "excp_dbg": {
            "nRouts": 55,
            "start_perf": [
                0.47690200805664062,
                0.40492099999999998,
                0.099399000000000001,
                375996,
                443336,
                1646550875.939697,
                185670876885211
            ],
            "Compiled": "Yes",
            "child_modules": {},
            "nQuads": 486,
            "Compiled Times": 1,
            "nMops": 1451,
            "end_perf": [
                0.48544597625732422,
                0.41233900000000001,
                0.100468,
                375996,
                443336,
                185670904083643,
                60129542145,
                0
            ]
        },
        "std": {
            "nRouts": 33,
            "start_perf": [
                0.31865191459655762,
                0.25379400000000002,
                0.093164999999999998,
                375012,
                443336,
                1646550875.7814469,
                185670373975165
            ],
            "svclass": [
                "$vcs_nba_dyn_obj",
                576,
                35,
                2,
                2,
                0,
                "sigprop$$",
                576,
                35,
                2,
                2,
                0,
                "process",
                2380,
                200,
                8,
                8,
                0,
                "event",
                597,
                34,
                2,
                2,
                0,
                "mailbox",
                1769,
                140,
                9,
                9,
                0,
                "semaphore",
                1119,
                84,
                5,
                5,
                0
            ],
            "child_modules": {},
            "Compiled": "Yes",
            "nQuads": 218,
            "Compiled Times": 1,
            "end_perf": [
                0.32840204238891602,
                0.25942399999999999,
                0.09715,
                375992,
                443336,
                185670405005149,
                8589934594,
                0
            ],
            "nMops": 528
        },
        "intagent": {
            "nRouts": 139,
            "start_perf": [
                0.5214390754699707,
                0.445189,
                0.103393,
                375996,
                443336,
                1646550875.9842341,
                185671018432763
            ],
            "Compiled": "Yes",
            "child_modules": {},
            "nQuads": 1128,
            "Compiled Times": 1,
            "nMops": 2901,
            "end_perf": [
                0.5365300178527832,
                0.46018599999999998,
                0.103393,
                375996,
                443336,
                185671066457995,
                167503724545,
                0
            ]
        },
        "csr": {
            "nRouts": 316,
            "start_perf": [
                0.32845091819763184,
                0.259459,
                0.097164,
                375992,
                443336,
                1646550875.7912459,
                185670405093373
            ],
            "Compiled": "Yes",
            "child_modules": {},
            "nQuads": 2865,
            "Compiled Times": 1,
            "nMops": 9637,
            "end_perf": [
                0.36723589897155762,
                0.29773500000000003,
                0.097478999999999996,
                375996,
                443336,
                185670528432635,
                34359738369,
                0
            ]
        },
        "sim_core_top": {
            "nRouts": 1096,
            "start_perf": [
                0.53657698631286621,
                0.460233,
                0.103393,
                375996,
                443336,
                1646550875.999372,
                185671066541995
            ],
            "child_modules": {
                "ifu_top": 1,
                "csr": 1,
                "intagent": 1,
                "wbck": 1,
                "multi_counter": 1,
                "decoder": 1
            },
            "Compiled": "Yes",
            "nQuads": 9876,
            "Compiled Times": 1,
            "significant_routs": [
                [
                    1,
                    "R_VCSgd_Jm6Rb_1",
                    8495680,
                    8100,
                    1178
                ]
            ],
            "end_perf": [
                0.66388392448425293,
                0.58560299999999998,
                0.104683,
                375996,
                443336,
                185671471222348,
                171798691841,
                0
            ],
            "nMops": 33950
        },