{
    "Modules": {
        "ifu_top": {
            "Compiled": "Yes",
            "start_perf": [
                0.39351201057434082,
                0.36925200000000002,
                0.095476000000000005,
                375852,
                442956,
                1644568671.4247291,
                66811844393302
            ],
            "child_modules": {},
            "nMops": 5482,
            "nQuads": 1738,
            "Compiled Times": 1,
            "nRouts": 160,
            "end_perf": [
                0.41607379913330078,
                0.39206299999999999,
                0.097727999999999995,
                375852,
                442956,
                66811924555958,
                85899345921,
                0
            ]
        },
        "std": {
            "start_perf": [
                0.25763297080993652,
                0.228324,
                0.085474999999999995,
                374864,
                442956,
                1644568671.2888501,
                66811362181831
            ],
            "Compiled": "Yes",
            "child_modules": {},
            "nQuads": 218,
            "nMops": 528,
            "Compiled Times": 1,
            "nRouts": 33,
            "end_perf": [
                0.26410388946533203,
                0.234596,
                0.086368,
                375848,
                442956,
                66811385301621,
                8589934594,
                0
            ],
            "svclass": [
                "$vcs_nba_dyn_obj",
                576,
                35,
                2,
                2,
                0,
                "sigprop$$",
                576,
                35,
                2,
                2,
                0,
                "process",
                2380,
                200,
                8,
                8,
                0,
                "event",
                597,
                34,
                2,
                2,
                0,
                "mailbox",
                1769,
                140,
                9,
                9,
                0,
                "semaphore",
                1119,
                84,
                5,
                5,
                0
            ]
        },
        "...MASTER...": {
            "start_perf": [
                0.2552638053894043,
                0.227798,
                0.083368999999999999,
                373876,
                442956,
                1644568671.2864809,
                66811353780359
            ],
            "child_modules": {
                "excp_dbg": 1,
                "sim_core_top": 1,
                "std": 1
            },
            "nRouts": 8,
            "end_perf": [
                0.25757694244384766,
                0.22827800000000001,
                0.085458000000000006,
                374864,
                442956,
                66811362010919,
                0,
                0
            ],
            "nMops": 7,
            "nQuads": 4
        },
        "decoder": {
            "start_perf": [
                0.28997087478637695,
                0.25792300000000001,
                0.091783000000000003,
                375852,
                442956,
                1644568671.321188,
                66811476942454
            ],
            "Compiled": "Yes",
            "child_modules": {},
            "nQuads": 7613,
            "nMops": 33282,
            "Compiled Times": 1,
            "nRouts": 523,
            "significant_routs": [
                [
                    1,
                    "R_VCSgd_zf0bY_1",
                    10150560,
                    10482,
                    1384
                ],
                [
                    204,
                    "R_VCSgd_zf0bY_cc",
                    8987200,
                    9112,
                    1548
                ],
                [
                    344,
                    "R_VCSgd_zf0bY_158",
                    6940064,
                    8224,
                    1169
                ],
                [
                    345,
                    "R_VCSgd_zf0bY_159",
                    7693344,
                    8453,
                    1426
                ],
                [
                    388,
                    "R_VCSgd_zf0bY_184",
                    6428064,
                    6676,
                    1054
                ]
            ],
            "end_perf": [
                0.38584494590759277,
                0.36174699999999999,
                0.094468999999999997,
                375852,
                442956,
                66811817261270,
                42949672961,
                0
            ]
        },
        "commit": {
            "Compiled": "Yes",
            "start_perf": [
                0.26418399810791016,
                0.23466100000000001,
                0.086391999999999997,
                375848,
                442956,
                1644568671.2954011,
                66811385430517
            ],
            "child_modules": {},
            "nMops": 5032,
            "nQuads": 1416,
            "Compiled Times": 1,
            "nRouts": 200,
            "end_perf": [
                0.28990578651428223,
                0.25786900000000001,
                0.091763999999999998,
                375852,
                442956,
                66811476833750,
                25769803777,
                0
            ]
        },
        "sim_core_top": {
            "start_perf": [
                0.41991996765136719,
                0.39546500000000001,
                0.098579,
                375852,
                442956,
                1644568671.4511371,
                66811938116822
            ],
            "Compiled": "Yes",
            "child_modules": {
                "ifu_top": 1,
                "decoder": 1,
                "commit": 1,
                "wbck": 1
            },
            "nQuads": 11046,
            "nMops": 36438,
            "Compiled Times": 1,
            "nRouts": 1213,
            "significant_routs": [
                [
                    1,
                    "R_VCSgd_Jm6Rb_1",
                    8749440,
                    8759,
                    1220
                ],
                [
                    603,
                    "R_VCSgd_Jm6Rb_25b",
                    5409120,
                    6087,
                    994
                ],
                [
                    970,
                    "R_VCSgd_Jm6Rb_3ca",
                    4487168,
                    5988,
                    974
                ]
            ],
            "end_perf": [
                0.53930878639221191,
                0.52070300000000003,
                0.105963,
                375852,
                442956,
                66812361888038,
                154618822657,
                0
            ]
        },
        "wbck": {
            "Compiled": "Yes",
            "start_perf": [
                0.41612887382507324,
                0.39211299999999999,
                0.097739999999999994,
                375852,
                442956,
                1644568671.447346,
                66811924662902
            ],
            "child_modules": {},
            "nMops": 360,
            "nQuads": 89,
            "Compiled Times": 1,
            "nRouts": 14,
            "end_perf": [
                0.41986799240112305,
                0.39541799999999999,
                0.098568000000000003,
                375852,
                442956,
                66811938016438,
                150323855361,
                0
            ]
        },
        "excp_dbg": {
            "Compiled": "Yes",