{
    "Modules": {
        "...MASTER...": {
            "nRouts": 9,
            "nMops": 9,
            "start_perf": [
                0.3436429500579834,
                0.22955600000000001,
                0.12989500000000001,
                374068,
                442952,
                1647688543.225456,
                50325637581077
            ],
            "nQuads": 5,
            "child_modules": {
                "sim_core_top": 1,
                "std": 1,
                "excp_dbg": 1,
                "sirv_gnrl_dffr": 1
            },
            "end_perf": [
                0.34765887260437012,
                0.22955600000000001,
                0.13289699999999999,
                375060,
                442952,
                50325650437141,
                0,
                0
            ]
        },
        "excp_dbg": {
            "nRouts": 55,
            "nMops": 1451,
            "Compiled Times": 1,
            "Compiled": "Yes",
            "start_perf": [
                0.49731588363647461,
                0.37605300000000003,
                0.13597999999999999,
                376044,
                442952,
                1647688543.3791289,
                50326128406118
            ],
            "nQuads": 486,
            "child_modules": {},
            "end_perf": [
                0.50577187538146973,
                0.38450200000000001,
                0.13597999999999999,
                376044,
                442952,
                50326155460070,
                60129542145,
                0
            ]
        },
        "std": {
            "start_perf": [
                0.34773397445678711,
                0.22955600000000001,
                0.13297200000000001,
                375060,
                442952,
                1647688543.229547,
                50325650644821
            ],
            "Compiled": "Yes",
            "nMops": 528,
            "nRouts": 33,
            "Compiled Times": 1,
            "child_modules": {},
            "nQuads": 218,
            "end_perf": [
                0.35370898246765137,
                0.23553099999999999,
                0.13297200000000001,
                376040,
                442952,
                50325669770726,
                8589934594,
                0
            ],
            "svclass": [
                "$vcs_nba_dyn_obj",
                576,
                35,
                2,
                2,
                0,
                "sigprop$$",
                576,
                35,
                2,
                2,
                0,
                "process",
                2380,
                200,
                8,
                8,
                0,
                "event",
                597,
                34,
                2,
                2,
                0,
                "mailbox",
                1769,
                140,
                9,
                9,
                0,
                "semaphore",
                1119,
                84,
                5,
                5,
                0
            ]
        },
        "csr": {
            "nRouts": 316,
            "nMops": 9637,
            "Compiled Times": 1,
            "Compiled": "Yes",
            "start_perf": [
                0.35375595092773438,
                0.23557900000000001,
                0.13297200000000001,
                376040,
                442952,
                1647688543.235569,
                50325669887718
            ],
            "nQuads": 2865,
            "child_modules": {},
            "end_perf": [
                0.3909609317779541,
                0.26971600000000001,
                0.135963,
                376044,
                442952,
                50325788786164,
                34359738369,
                0
            ]
        },
        "decoder": {
            "start_perf": [
                0.39101004600524902,
                0.26974999999999999,
                0.13597999999999999,
                376044,
                442952,
                1647688543.2728231,
                50325788864564
            ],
            "Compiled": "Yes",
            "nMops": 33281,
            "nRouts": 523,
            "Compiled Times": 1,
            "child_modules": {},
            "nQuads": 7614,
            "significant_routs": [
                [
                    1,
                    "R_VCSgd_zf0bY_1",
                    9817344,
                    10482,
                    1384
                ],
                [
                    204,
                    "R_VCSgd_zf0bY_cc",
                    9234240,
                    9112,
                    1548
                ],
                [
                    344,
                    "R_VCSgd_zf0bY_158",
                    7072096,
                    8224,
                    1169
                ],
                [
                    345,
                    "R_VCSgd_zf0bY_159",
                    7911680,
                    8453,
                    1426
                ],
                [
                    388,
                    "R_VCSgd_zf0bY_184",
                    6478144,
                    6676,
                    1054
                ]
            ],
            "end_perf": [
                0.49726605415344238,
                0.376002,
                0.13597999999999999,
                376044,
                442952,
                50326128329254,
                42949672961,
                0
            ]
        },
        "ifu_top": {
            "nRouts": 117,
            "nMops": 3569,
            "Compiled Times": 1,
            "Compiled": "Yes",
            "start_perf": [
                0.5058138370513916,
                0.384544,
                0.13597999999999999,
                376044,
                442952,
                1647688543.3876269,
                50326155546566
            ],
            "nQuads": 1339,
            "child_modules": {},
            "end_perf": [
                0.52402186393737793,
                0.40274799999999999,
                0.13597999999999999,
                376044,
                442952,
                50326213773414,
                85899345921,
                0
            ]
        },
        "sirv_gnrl_dffr": {
            "nRouts": 18,
            "nMops": 183,
            "Compiled Times": 1,
            "Compiled": "Yes",
            "start_perf": [
                0.53011298179626465,
                0.40770400000000001,
                0.13661799999999999,
                376044,
                442952,
                1647688543.411926,
                50326233164966
            ],
            "nQuads": 84,
            "child_modules": {},
            "end_perf": [
                0.5332179069519043,
                0.40868900000000002,
                0.138739,
                376044,
                442952,
                50326243141030,
                146028888065,
                0
            ]
        },
        "sim_core_top": {
            "start_perf": [
                0.55149197578430176,
                0.42641699999999999,
                0.13928199999999999,
                376044,
                442952,
                1647688543.433305,
                50326301444966
            ],
            "Compiled": "Yes",
            "nMops": 33994,
            "nRouts": 1098,
            "Compiled Times": 1,
            "child_modules": {
                "wbck": 1,
                "ifu_top": 1,
                "decoder": 1,
                "intagent": 1,
                "csr": 1,
                "multi_counter": 1
            },
            "nQuads": 9884,
            "significant_routs": [
                [
                    1,
                    "R_VCSgd_Jm6Rb_1",
                    10022624,
                    8100,
                    1178
                ]
            ],