{
    "Modules": {
        "...MASTER...": {
            "nMops": 9,
            "start_perf": [
                0.27984285354614258,
                0.208954,
                0.107155,
                373924,
                442952,
                1644566336.6229229,
                59346004005499
            ],
            "child_modules": {
                "std": 1,
                "sim_core_top": 1,
                "excp_dbg": 1,
                "rst_syn_unit": 1
            },
            "end_perf": [
                0.28237295150756836,
                0.21027899999999999,
                0.108358,
                374916,
                442952,
                59346012093179,
                0,
                0
            ],
            "nQuads": 5,
            "nRouts": 9
        },
        "std": {
            "svclass": [
                "$vcs_nba_dyn_obj",
                576,
                35,
                2,
                2,
                0,
                "sigprop$$",
                576,
                35,
                2,
                2,
                0,
                "process",
                2380,
                200,
                8,
                8,
                0,
                "event",
                597,
                34,
                2,
                2,
                0,
                "mailbox",
                1769,
                140,
                9,
                9,
                0,
                "semaphore",
                1119,
                84,
                5,
                5,
                0
            ],
            "nMops": 528,
            "start_perf": [
                0.28242993354797363,
                0.210318,
                0.108378,
                374916,
                442952,
                1644566336.62551,
                59346012259963
            ],
            "child_modules": {},
            "Compiled": "Yes",
            "Compiled Times": 1,
            "end_perf": [
                0.28852486610412598,
                0.21438299999999999,
                0.11040700000000001,
                375896,
                442952,
                59346031780698,
                8589934594,
                0
            ],
            "nQuads": 218,
            "nRouts": 33
        },
        "sim_core_top": {
            "nMops": 36278,
            "start_perf": [
                0.4578700065612793,
                0.38335599999999997,
                0.110724,
                375900,
                442952,
                1644566336.8009501,
                59346572608570
            ],
            "significant_routs": [
                [
                    1,
                    "R_VCSgd_Jm6Rb_1",
                    8301855,
                    8759,
                    1220
                ],
                [
                    590,
                    "R_VCSgd_Jm6Rb_24e",
                    4722911,
                    6087,
                    994
                ],
                [
                    956,
                    "R_VCSgd_Jm6Rb_3bc",
                    4397696,
                    5988,
                    974
                ]
            ],
            "child_modules": {
                "ifu_top": 1,
                "commit": 1,
                "decoder": 1,
                "wbck": 1
            },
            "Compiled": "Yes",
            "Compiled Times": 1,
            "end_perf": [
                0.59815788269042969,
                0.51883400000000002,
                0.11552900000000001,
                375900,
                442952,
                59347020762299,
                154618822657,
                0
            ],
            "nQuads": 10940,
            "nRouts": 1194
        },
        "commit": {
            "nMops": 5032,
            "start_perf": [
                0.28856992721557617,
                0.21441299999999999,
                0.11042299999999999,
                375896,
                442952,
                1644566336.63165,
                59346031867418
            ],
            "Compiled": "Yes",
            "child_modules": {},
            "Compiled Times": 1,
            "end_perf": [
                0.31383895874023438,
                0.23941899999999999,
                0.110665,
                375900,
                442952,
                59346112660346,
                25769803777,
                0
            ],
            "nQuads": 1416,
            "nRouts": 200
        },
        "decoder": {
            "nMops": 33282,
            "start_perf": [
                0.31389093399047852,
                0.239455,
                0.110681,
                375900,
                442952,
                1644566336.656971,
                59346112741082
            ],
            "significant_routs": [
                [
                    1,
                    "R_VCSgd_zf0bY_1",
                    9863264,
                    10482,
                    1384
                ],
                [
                    204,
                    "R_VCSgd_zf0bY_cc",
                    9123872,
                    9112,
                    1548
                ],
                [
                    344,
                    "R_VCSgd_zf0bY_158",
                    7154848,
                    8224,
                    1169
                ],
                [
                    345,
                    "R_VCSgd_zf0bY_159",
                    7956480,
                    8453,
                    1426
                ],
                [
                    388,
                    "R_VCSgd_zf0bY_184",
                    6538336,
                    6676,
                    1054
                ]
            ],
            "child_modules": {},
            "Compiled": "Yes",
            "Compiled Times": 1,
            "end_perf": [
                0.4206550121307373,
                0.34620600000000001,
                0.110681,
                375900,
                442952,
                59346453844410,
                42949672961,
                0
            ],
            "nQuads": 7613,
            "nRouts": 523
        },
        "excp_dbg": {
            "nMops": 1451,
            "start_perf": [
                0.42071199417114258,
                0.34626400000000002,
                0.110681,
                375900,
                442952,
                1644566336.763792,
                59346453925754
            ],
            "Compiled": "Yes",
            "child_modules": {},
            "Compiled Times": 1,
            "end_perf": [
                0.42933106422424316,
                0.35486600000000001,
                0.110681,
                375900,
                442952,
                59346481512666,
                60129542145,
                0
            ],
            "nQuads": 486,
            "nRouts": 55
        },
        "ifu_top": {
            "nMops": 5482,
            "start_perf": [
                0.42937493324279785,
                0.35491099999999998,
                0.110681,
                375900,
                442952,
                1644566336.772455,
                59346481595290
            ],
            "Compiled": "Yes",
            "child_modules": {},
            "Compiled Times": 1,
            "end_perf": [
                0.45457887649536133,
                0.380106,
                0.110681,
                375900,
                442952,
                59346562200666,
                85899345921,
                0
            ],
            "nQuads": 1738,
            "nRouts": 160
        },
        "wbck": {
            "nMops": 360,
            "start_perf": [
                0.45463800430297852,
                0.380166,
                0.110681,
                375900,
                442952,
                1644566336.797718,
                59346562283386
            ],