{
    "Modules": {
        "decoder": {
            "start_perf": [
                0.63982486724853516,
                0.51201700000000006,
                0.113884,
                375996,
                442952,
                1645356885.2051549,
                515351420944288
            ],
            "end_perf": [
                0.74583697319030762,
                0.61601099999999998,
                0.115893,
                375996,
                442952,
                515351759670768,
                42949672961,
                0
            ],
            "child_modules": {},
            "Compiled": "Yes",
            "Compiled Times": 1,
            "nRouts": 523,
            "nMops": 33282,
            "significant_routs": [
                [
                    1,
                    "R_VCSgd_zf0bY_1",
                    9569408,
                    10482,
                    1384
                ],
                [
                    204,
                    "R_VCSgd_zf0bY_cc",
                    9283808,
                    9112,
                    1548
                ]
            ],
            "nQuads": 7613
        },
        "...MASTER...": {
            "start_perf": [
                0.56634306907653809,
                0.44442300000000001,
                0.10802100000000001,
                374020,
                442952,
                1645356885.1316731,
                515351186265440
            ],
            "end_perf": [
                0.59361696243286133,
                0.47095500000000001,
                0.108763,
                375012,
                442952,
                515351273391008,
                0,
                0
            ],
            "child_modules": {
                "sim_core_top": 1,
                "excp_dbg": 1,
                "std": 1,
                "excp_tmr_irq": 1
            },
            "nQuads": 9,
            "nRouts": 12,
            "nMops": 13
        },
        "std": {
            "start_perf": [
                0.59375905990600586,
                0.47107100000000002,
                0.10879,
                375012,
                442952,
                1645356885.1590891,
                515351273854816
            ],
            "end_perf": [
                0.60807704925537109,
                0.48460300000000001,
                0.10956200000000001,
                375992,
                442952,
                515351319608512,
                8589934594,
                0
            ],
            "child_modules": {},
            "Compiled": "Yes",
            "Compiled Times": 1,
            "svclass": [
                "$vcs_nba_dyn_obj",
                576,
                35,
                2,
                2,
                0,
                "sigprop$$",
                576,
                35,
                2,
                2,
                0,
                "process",
                2380,
                200,
                8,
                8,
                0,
                "event",
                597,
                34,
                2,
                2,
                0,
                "mailbox",
                1769,
                140,
                9,
                9,
                0,
                "semaphore",
                1119,
                84,
                5,
                5,
                0
            ],
            "nQuads": 218,
            "nRouts": 33,
            "nMops": 528
        },
        "commit": {
            "start_perf": [
                0.60812807083129883,
                0.48464600000000002,
                0.109572,
                375992,
                442952,
                1645356885.1734581,
                515351319695936
            ],
            "end_perf": [
                0.6397099494934082,
                0.51201700000000006,
                0.11378099999999999,
                375996,
                442952,
                515351420828480,
                25769803777,
                0
            ],
            "Compiled Times": 1,
            "Compiled": "Yes",
            "child_modules": {},
            "nQuads": 1416,
            "nRouts": 200,
            "nMops": 5034
        },
        "excp_dbg": {
            "start_perf": [
                0.7459099292755127,
                0.61607299999999998,
                0.11590499999999999,
                375996,
                442952,
                1645356885.31124,
                515351759775920
            ],
            "end_perf": [
                0.75437593460083008,
                0.62450799999999995,
                0.11592,
                375996,
                442952,
                515351786852912,
                60129542145,
                0
            ],
            "Compiled Times": 1,
            "Compiled": "Yes",
            "child_modules": {},
            "nQuads": 486,
            "nRouts": 55,
            "nMops": 1451
        },
        "ifu_top": {
            "start_perf": [
                0.75441408157348633,
                0.62453999999999998,
                0.115926,
                375996,
                442952,
                1645356885.3197441,
                515351786932784
            ],
            "end_perf": [
                0.7827150821685791,
                0.65104499999999998,
                0.11770899999999999,
                375996,
                442952,
                515351877428816,
                85899345921,
                0
            ],
            "Compiled Times": 1,
            "Compiled": "Yes",
            "child_modules": {},
            "nQuads": 1756,
            "nRouts": 162,
            "nMops": 5538
        },
        "multi_counter": {
            "start_perf": [
                0.78277397155761719,
                0.65109600000000001,
                0.117718,
                375996,
                442952,
                1645356885.348104,
                515351877512240
            ],
            "end_perf": [
                0.78805804252624512,
                0.656358,
                0.117727,
                375996,
                442952,
                515351894425392,
                111669149697,
                0
            ],
            "Compiled Times": 1,
            "Compiled": "Yes",
            "child_modules": {},
            "nQuads": 237,
            "nRouts": 29,
            "nMops": 777
        },
        "wbck": {
            "start_perf": [
                0.78809309005737305,
                0.65638799999999997,
                0.117733,
                375996,
                442952,
                1645356885.3534231,
                515351894503856
            ],
            "end_perf": [
                0.79089808464050293,
                0.65919300000000003,
                0.117733,
                375996,
                442952,
                515351903514352,
                150323855361,
                0
            ],
            "Compiled Times": 1,
            "Compiled": "Yes",
            "child_modules": {},
            "nQuads": 89,
            "nRouts": 14,
            "nMops": 363
        },
        "excp_tmr_irq": {
            "start_perf": [
                0.79093694686889648,
                0.65923200000000004,
                0.117733,
                375996,
                442952,
                1645356885.356267,
                515351903583600
            ],
            "end_perf": [
                0.7985999584197998,
                0.66688400000000003,
                0.117733,
                375996,
                442952,
                515351928109216,
                163208757249,
                0
            ],
            "Compiled Times": 1,
            "Compiled": "Yes",
            "child_modules": {},
            "nQuads": 379,
            "nRouts": 59,
            "nMops": 768
        },