{
    "Modules": {
        "...MASTER...": {
            "start_perf": [
                0.28720998764038086,
                0.25344100000000003,
                0.10994,
                374020,
                442952,
                1646138649.987998,
                228613451253488
            ],
            "child_modules": {
                "dff_chain": 1,
                "sim_core_top": 1,
                "excp_dbg": 1,
                "sirv_gnrl_dffr": 1,
                "std": 1
            },
            "end_perf": [
                0.29093599319458008,
                0.25425700000000001,
                0.11326,
                375012,
                442952,
                228613464526224,
                0,
                0
            ],
            "nQuads": 7,
            "nMops": 13,
            "nRouts": 11
        },
        "std": {
            "start_perf": [
                0.29103302955627441,
                0.254332,
                0.113293,
                375012,
                442952,
                1646138649.9918211,
                228613464796176
            ],
            "child_modules": {},
            "Compiled": "Yes",
            "svclass": [
                "$vcs_nba_dyn_obj",
                576,
                35,
                2,
                2,
                0,
                "sigprop$$",
                576,
                35,
                2,
                2,
                0,
                "process",
                2380,
                200,
                8,
                8,
                0,
                "event",
                597,
                34,
                2,
                2,
                0,
                "mailbox",
                1769,
                140,
                9,
                9,
                0,
                "semaphore",
                1119,
                84,
                5,
                5,
                0
            ],
            "nQuads": 218,
            "Compiled Times": 1,
            "end_perf": [
                0.29865503311157227,
                0.260353,
                0.115712,
                375992,
                442952,
                228613491867312,
                8589934594,
                0
            ],
            "nMops": 528,
            "nRouts": 33
        },
        "sirv_gnrl_dffr": {
            "start_perf": [
                0.47329998016357422,
                0.43618400000000002,
                0.12983,
                375996,
                442952,
                1646138650.174088,
                228614110969823
            ],
            "child_modules": {},
            "nQuads": 84,
            "Compiled Times": 1,
            "Compiled": "Yes",
            "end_perf": [
                0.47580194473266602,
                0.43884699999999999,
                0.129944,
                375996,
                442952,
                228614119870687,
                146028888065,
                0
            ],
            "nMops": 183,
            "nRouts": 18
        },
        "csr": {
            "start_perf": [
                0.29870104789733887,
                0.26038800000000001,
                0.115728,
                375992,
                442952,
                1646138649.9994891,
                228613491958000
            ],
            "child_modules": {},
            "nQuads": 2865,
            "Compiled Times": 1,
            "Compiled": "Yes",
            "end_perf": [
                0.33937287330627441,
                0.29552099999999998,
                0.121888,
                375996,
                442952,
                228613636235119,
                34359738369,
                0
            ],
            "nMops": 9637,
            "nRouts": 316
        },
        "decoder": {
            "start_perf": [
                0.33941793441772461,
                0.29555700000000001,
                0.121903,
                375996,
                442952,
                1646138650.040206,
                228613636353583
            ],
            "child_modules": {},
            "Compiled": "Yes",
            "nQuads": 7614,
            "Compiled Times": 1,
            "significant_routs": [
                [
                    1,
                    "R_VCSgd_zf0bY_1",
                    10370272,
                    10482,
                    1384
                ],
                [
                    204,
                    "R_VCSgd_zf0bY_cc",
                    8900448,
                    9112,
                    1548
                ],
                [
                    344,
                    "R_VCSgd_zf0bY_158",
                    6933664,
                    8224,
                    1169
                ],
                [
                    345,
                    "R_VCSgd_zf0bY_159",
                    7769824,
                    8453,
                    1426
                ],
                [
                    388,
                    "R_VCSgd_zf0bY_184",
                    6355200,
                    6676,
                    1054
                ]
            ],
            "end_perf": [
                0.4354560375213623,
                0.40074300000000002,
                0.123305,
                375996,
                442952,
                228613976895599,
                42949672961,
                0
            ],
            "nMops": 33281,
            "nRouts": 523
        },
        "excp_dbg": {
            "start_perf": [
                0.43550992012023926,
                0.40078900000000001,
                0.123319,
                375996,
                442952,
                1646138650.1362979,
                228613977004047
            ],
            "child_modules": {},
            "nQuads": 486,
            "Compiled Times": 1,
            "Compiled": "Yes",
            "end_perf": [
                0.4435429573059082,
                0.40860099999999999,
                0.124406,
                375996,
                442952,
                228614005534447,
                60129542145,
                0
            ],
            "nMops": 1451,
            "nRouts": 55
        },
        "multi_counter": {
            "start_perf": [
                0.4677889347076416,
                0.431315,
                0.12859699999999999,
                375996,
                442952,
                1646138650.168577,
                228614091433887
            ],
            "child_modules": {},
            "nQuads": 237,
            "Compiled Times": 1,
            "Compiled": "Yes",
            "end_perf": [
                0.47324991226196289,
                0.43614199999999997,
                0.12981699999999999,
                375996,
                442952,
                228614110894975,
                111669149697,
                0
            ],
            "nMops": 777,
            "nRouts": 29
        },
        "ifu_top": {
            "start_perf": [
                0.44358491897583008,
                0.408636,
                0.124417,
                375996,
                442952,
                1646138650.1443729,
                228614005619375
            ],
            "child_modules": {},
            "nQuads": 1762,
            "Compiled Times": 1,
            "Compiled": "Yes",
            "end_perf": [
                0.4677269458770752,
                0.43126199999999998,
                0.128582,
                375996,
                442952,
                228614091330047,
                85899345921,
                0
            ],
            "nMops": 5554,
            "nRouts": 165
        },