{
    "stat": {
        "ru_self_end": {
            "ru_utime_sec": 1.3534550000000001,
            "ru_nvcsw": 417,
            "ru_stime_sec": 0.34365400000000002,
            "ru_maxrss_kb": 114436,
            "ru_majflt": 0,
            "ru_minflt": 41228,
            "ru_nivcsw": 37
        },
        "ru_childs_end": {
            "ru_utime_sec": 0.095215999999999995,
            "ru_nvcsw": 17,
            "ru_stime_sec": 0.028518000000000002,
            "ru_maxrss_kb": 48912,
            "ru_majflt": 0,
            "ru_minflt": 6607,
            "ru_nivcsw": 6
        },
        "cpu_cycles_end": 269588962130761,
        "peak_mem_kb": 442952
    },
    "ObjArchives": [
        {
            "archive": "archive.0/_124281_archive_1.a",
            "objects": [
                [
                    "reYIK_d.o",
                    43078
                ],
                [
                    "cNThd_d.o",
                    112118
                ],
                [
                    "zf0bY_d.o",
                    315648
                ],
                [
                    "S3FV3_d.o",
                    24136
                ],
                [
                    "He9nS_d.o",
                    70610
                ],
                [
                    "y12fA_d.o",
                    16316
                ],
                [
                    "Wnd0S_d.o",
                    9984
                ],
                [
                    "Da1cw_d.o",
                    10616
                ],
                [
                    "Nvknd_d.o",
                    45964
                ],
                [
                    "Jm6Rb_d.o",
                    391120
                ],
                [
                    "amcQwB.o",
                    123118
                ]
            ],
            "size": 1162708
        }
    ],
    "Modules": {
        "csr": {
            "start_perf": [
                1.0569021701812744,
                1.028213,
                0.32208700000000001,
                375996,
                442952,
                1647308994.7473471,
                269587852919480
            ],
            "child_modules": {},
            "Compiled": "Yes",
            "nRouts": 316,
            "nMops": 9637,
            "Compiled Times": 1,
            "end_perf": [
                1.1041550636291504,
                1.0713889999999999,
                0.32616200000000001,
                376000,
                442952,
                269588003968472,
                34359738369,
                0
            ],
            "nQuads": 2865
        },
        "...MASTER...": {
            "start_perf": [
                1.0123269557952881,
                0.98460099999999995,
                0.32113799999999998,
                374024,
                442952,
                1647308994.7027719,
                269587710567416
            ],
            "child_modules": {
                "sirv_gnrl_dffr": 1,
                "excp_dbg": 1,
                "sim_core_top": 1,
                "std": 1
            },
            "end_perf": [
                1.0383541584014893,
                1.0096780000000001,
                0.32208700000000001,
                375016,
                442952,
                269587793730136,
                0,
                0
            ],
            "nQuads": 5,
            "nRouts": 9,
            "nMops": 9
        },
        "std": {
            "start_perf": [
                1.0385329723358154,
                1.009857,
                0.32208700000000001,
                375016,
                442952,
                1647308994.7289779,
                269587794259384
            ],
            "svclass": [
                "$vcs_nba_dyn_obj",
                576,
                35,
                2,
                2,
                0,
                "sigprop$$",
                576,
                35,
                2,
                2,
                0,
                "process",
                2380,
                200,
                8,
                8,
                0,
                "event",
                597,
                34,
                2,
                2,
                0,
                "mailbox",
                1769,
                140,
                9,
                9,
                0,
                "semaphore",
                1119,
                84,
                5,
                5,
                0
            ],
            "child_modules": {},
            "Compiled": "Yes",
            "nMops": 528,
            "nRouts": 33,
            "Compiled Times": 1,
            "end_perf": [
                1.0568540096282959,
                1.0281629999999999,
                0.32208700000000001,
                375996,
                442952,
                269587852820760,
                8589934594,
                0
            ],
            "nQuads": 218
        },
        "decoder": {
            "start_perf": [
                1.1042189598083496,
                1.0714380000000001,
                0.32617699999999999,
                376000,
                442952,
                1647308994.7946639,
                269588004054072
            ],
            "child_modules": {},
            "Compiled": "Yes",
            "nRouts": 523,
            "nMops": 33281,
            "Compiled Times": 1,
            "end_perf": [
                1.2090661525726318,
                1.1735059999999999,
                0.32894499999999999,
                376000,
                442952,
                269588339005225,
                42949672961,
                0
            ],
            "nQuads": 7614
        },
        "intagent": {
            "start_perf": [
                1.2541561126708984,
                1.2105429999999999,
                0.33693400000000001,
                376000,
                442952,
                1647308994.9446011,
                269588482947690
            ],
            "child_modules": {},
            "Compiled": "Yes",
            "nRouts": 139,
            "nMops": 2901,
            "Compiled Times": 1,
            "end_perf": [
                1.2699689865112305,
                1.225411,
                0.33787,
                376000,
                442952,
                269588533520473,
                167503724545,
                0
            ],
            "nQuads": 1128
        },
        "excp_dbg": {
            "start_perf": [
                1.2091140747070312,
                1.1735439999999999,
                0.328955,
                376000,
                442952,
                1647308994.899559,
                269588339083209
            ],
            "child_modules": {},
            "Compiled": "Yes",
            "nRouts": 55,
            "nMops": 1451,
            "Compiled Times": 1,
            "end_perf": [
                1.2173299789428711,
                1.180709,
                0.32999299999999998,
                376000,
                442952,
                269588365375529,
                60129542145,
                0
            ],
            "nQuads": 486
        },
        "sirv_gnrl_dffr": {
            "start_perf": [
                1.2481460571289062,
                1.2065589999999999,
                0.33493099999999998,
                376000,
                442952,
                1647308994.938591,
                269588463749529
            ],
            "child_modules": {},
            "Compiled": "Yes",
            "nRouts": 18,
            "nMops": 183,
            "Compiled Times": 1,
            "end_perf": [
                1.2507309913635254,
                1.2090209999999999,
                0.33505400000000002,
                376000,
                442952,
                269588472036409,
                146028888065,
                0
            ],