{
    "ObjArchives": [
        {
            "archive": "archive.0/_60482_archive_1.a",
            "objects": [
                [
                    "reYIK_d.o",
                    43078
                ],
                [
                    "cNThd_d.o",
                    112118
                ],
                [
                    "zf0bY_d.o",
                    315648
                ],
                [
                    "S3FV3_d.o",
                    24136
                ],
                [
                    "He9nS_d.o",
                    70610
                ],
                [
                    "y12fA_d.o",
                    16316
                ],
                [
                    "Wnd0S_d.o",
                    9984
                ],
                [
                    "Da1cw_d.o",
                    10616
                ],
                [
                    "Nvknd_d.o",
                    45964
                ],
                [
                    "Jm6Rb_d.o",
                    391492
                ],
                [
                    "amcQwB.o",
                    123118
                ]
            ],
            "size": 1163080
        }
    ],
    "Modules": {
        "...MASTER...": {
            "start_perf": [
                0.28146100044250488,
                0.244368,
                0.113415,
                374024,
                442952,
                1646557671.144978,
                188390078265181
            ],
            "nQuads": 5,
            "child_modules": {
                "sim_core_top": 1,
                "std": 1,
                "excp_dbg": 1,
                "sirv_gnrl_dffr": 1
            },
            "end_perf": [
                0.28422093391418457,
                0.244862,
                0.11598700000000001,
                375016,
                442952,
                188390088083197,
                0,
                0
            ],
            "nMops": 9,
            "nRouts": 9
        },
        "multi_counter": {
            "start_perf": [
                6.3008809089660645,
                0.41997600000000002,
                0.12531500000000001,
                376000,
                442952,
                1646557677.164398,
                188390677495276
            ],
            "nQuads": 237,
            "child_modules": {},
            "Compiled": "Yes",
            "end_perf": [
                6.3067209720611572,
                0.42488700000000001,
                0.126226,
                376000,
                442952,
                188390696071884,
                111669149697,
                0
            ],
            "Compiled Times": 1,
            "nMops": 777,
            "nRouts": 29
        },
        "std": {
            "start_perf": [
                0.28428387641906738,
                0.24490899999999999,
                0.116009,
                375016,
                442952,
                1646557671.1478009,
                188390088281309
            ],
            "child_modules": {},
            "nQuads": 218,
            "Compiled": "Yes",
            "svclass": [
                "$vcs_nba_dyn_obj",
                576,
                35,
                2,
                2,
                0,
                "sigprop$$",
                576,
                35,
                2,
                2,
                0,
                "process",
                2380,
                200,
                8,
                8,
                0,
                "event",
                597,
                34,
                2,
                2,
                0,
                "mailbox",
                1769,
                140,
                9,
                9,
                0,
                "semaphore",
                1119,
                84,
                5,
                5,
                0
            ],
            "end_perf": [
                0.29034996032714844,
                0.24626400000000001,
                0.121381,
                375996,
                442952,
                188390109833804,
                8589934594,
                0
            ],
            "Compiled Times": 1,
            "nMops": 528,
            "nRouts": 33
        },
        "excp_dbg": {
            "start_perf": [
                6.2689299583435059,
                0.38930599999999999,
                0.124046,
                376000,
                442952,
                1646557677.132447,
                188390575306604
            ],
            "nQuads": 486,
            "child_modules": {},
            "Compiled": "Yes",
            "end_perf": [
                6.277338981628418,
                0.39699200000000001,
                0.124769,
                376000,
                442952,
                188390602177932,
                60129542145,
                0
            ],
            "Compiled Times": 1,
            "nMops": 1451,
            "nRouts": 55
        },
        "csr": {
            "start_perf": [
                0.29038000106811523,
                0.246286,
                0.121392,
                375996,
                442952,
                1646557671.153897,
                188390109908172
            ],
            "nQuads": 2865,
            "child_modules": {},
            "Compiled": "Yes",
            "end_perf": [
                0.3246150016784668,
                0.28248699999999999,
                0.123225,
                376000,
                442952,
                188390231509644,
                34359738369,
                0
            ],
            "Compiled Times": 1,
            "nMops": 9637,
            "nRouts": 316
        },
        "decoder": {
            "start_perf": [
                0.32467198371887207,
                0.28253099999999998,
                0.12324400000000001,
                376000,
                442952,
                1646557671.188189,
                188390231608076
            ],
            "child_modules": {},
            "nQuads": 7614,
            "Compiled": "Yes",
            "end_perf": [
                6.2688219547271729,
                0.38921,
                0.124046,
                376000,
                442952,
                188390575034668,
                42949672961,
                0
            ],
            "Compiled Times": 1,
            "significant_routs": [
                [
                    1,
                    "R_VCSgd_zf0bY_1",
                    10155136,
                    10482,
                    1384
                ],
                [
                    204,
                    "R_VCSgd_zf0bY_cc",
                    10082016,
                    9112,
                    1548
                ],
                [
                    344,
                    "R_VCSgd_zf0bY_158",
                    7412224,
                    8224,
                    1169
                ],
                [
                    345,
                    "R_VCSgd_zf0bY_159",
                    7894464,
                    8453,
                    1426
                ],
                [
                    388,
                    "R_VCSgd_zf0bY_184",
                    6430912,
                    6676,
                    1054
                ]
            ],
            "nMops": 33281,
            "nRouts": 523
        },
        "ifu_top": {
            "start_perf": [
                6.2773728370666504,
                0.39701799999999998,
                0.124777,
                376000,
                442952,
                1646557677.1408899,
                188390602256492
            ],
            "nQuads": 1569,
            "child_modules": {},
            "Compiled": "Yes",