{
    "Modules": {
        "intagent": {
            "nMops": 2885,
            "start_perf": [
                0.47292709350585938,
                0.37532300000000002,
                0.12441000000000001,
                376216,
                444832,
                1646313596.8953171,
                163329574997542
            ],
            "child_modules": {},
            "Compiled": "Yes",
            "end_perf": [
                0.48851203918457031,
                0.38859199999999999,
                0.12639700000000001,
                376216,
                444832,
                163329624853925,
                167503724545,
                0
            ],
            "Compiled Times": 1,
            "nQuads": 1123,
            "nRouts": 139
        },
        "...MASTER...": {
            "nMops": 9,
            "start_perf": [
                0.3120119571685791,
                0.22675799999999999,
                0.113911,
                374240,
                444832,
                1646313596.7344019,
                163329061040422
            ],
            "child_modules": {
                "excp_dbg": 1,
                "sim_core_top": 1,
                "std": 1,
                "sirv_gnrl_dffr": 1
            },
            "end_perf": [
                0.31575512886047363,
                0.22824800000000001,
                0.11519,
                375232,
                444832,
                163329073030502,
                0,
                0
            ],
            "nQuads": 5,
            "nRouts": 9
        },
        "std": {
            "nMops": 528,
            "start_perf": [
                0.31582498550415039,
                0.228295,
                0.115214,
                375232,
                444832,
                1646313596.738215,
                163329073218662
            ],
            "child_modules": {},
            "Compiled": "Yes",
            "Compiled Times": 1,
            "end_perf": [
                0.32195806503295898,
                0.231318,
                0.118324,
                376212,
                444832,
                163329092843492,
                8589934594,
                0
            ],
            "svclass": [
                "$vcs_nba_dyn_obj",
                576,
                35,
                2,
                2,
                0,
                "sigprop$$",
                576,
                35,
                2,
                2,
                0,
                "process",
                2380,
                200,
                8,
                8,
                0,
                "event",
                597,
                34,
                2,
                2,
                0,
                "mailbox",
                1769,
                140,
                9,
                9,
                0,
                "semaphore",
                1119,
                84,
                5,
                5,
                0
            ],
            "nQuads": 218,
            "nRouts": 33
        },
        "multi_counter": {
            "nMops": 777,
            "start_perf": [
                0.46080207824707031,
                0.36687199999999998,
                0.12124500000000001,
                376216,
                444832,
                1646313596.8831921,
                163329536272420
            ],
            "child_modules": {},
            "Compiled": "Yes",
            "end_perf": [
                0.4664769172668457,
                0.37139,
                0.122401,
                376216,
                444832,
                163329554464132,
                111669149697,
                0
            ],
            "Compiled Times": 1,
            "nQuads": 237,
            "nRouts": 29
        },
        "decoder": {
            "nMops": 33281,
            "start_perf": [
                0.32199692726135254,
                0.23134399999999999,
                0.118337,
                376212,
                444832,
                1646313596.7443869,
                163329092937508
            ],
            "child_modules": {},
            "Compiled": "Yes",
            "significant_routs": [
                [
                    1,
                    "R_VCSgd_zf0bY_1",
                    9795616,
                    10482,
                    1384
                ],
                [
                    204,
                    "R_VCSgd_zf0bY_cc",
                    9592351,
                    9112,
                    1548
                ],
                [
                    344,
                    "R_VCSgd_zf0bY_158",
                    7198784,
                    8224,
                    1169
                ],
                [
                    345,
                    "R_VCSgd_zf0bY_159",
                    7881056,
                    8453,
                    1426
                ],
                [
                    388,
                    "R_VCSgd_zf0bY_184",
                    6431776,
                    6676,
                    1054
                ]
            ],
            "Compiled Times": 1,
            "end_perf": [
                0.42875289916992188,
                0.33552599999999999,
                0.12057900000000001,
                376216,
                444832,
                163329433976900,
                42949672961,
                0
            ],
            "nQuads": 7614,
            "nRouts": 523
        },
        "sirv_gnrl_dffr": {
            "nMops": 183,
            "start_perf": [
                0.4665219783782959,
                0.37142500000000001,
                0.12241299999999999,
                376216,
                444832,
                1646313596.888912,
                163329554539940
            ],
            "child_modules": {},
            "Compiled": "Yes",
            "end_perf": [
                0.46959495544433594,
                0.373087,
                0.123317,
                376216,
                444832,
                163329564390436,
                146028888065,
                0
            ],
            "Compiled Times": 1,
            "nQuads": 84,
            "nRouts": 18
        },
        "sim_core_top": {
            "nMops": 42224,
            "start_perf": [
                0.48856306076049805,
                0.388631,
                0.12640899999999999,
                376216,
                444832,
                1646313596.910953,
                163329624949989
            ],
            "child_modules": {
                "ifu_top": 1,
                "intagent": 1,
                "multi_counter": 1,
                "decoder": 1,
                "wbck": 1
            },
            "Compiled": "Yes",
            "significant_routs": [
                [
                    1,
                    "R_VCSgd_Jm6Rb_1",
                    11788672,
                    11142,
                    1525
                ],
                [
                    640,
                    "R_VCSgd_Jm6Rb_280",
                    5057184,
                    6087,
                    994
                ],
                [
                    1109,
                    "R_VCSgd_Jm6Rb_455",
                    4854592,
                    5988,
                    974
                ]
            ],
            "Compiled Times": 1,
            "end_perf": [
                0.64647912979125977,
                0.54650900000000002,
                0.12640899999999999,
                376216,
                444832,
                163330129413732,
                171798691841,
                0
            ],
            "nQuads": 12782,
            "nRouts": 1407
        },
        "excp_dbg": {
            "nMops": 1451,