{
    "Modules": {
        "...MASTER...": {
            "nRouts": 12,
            "nMops": 13,
            "start_perf": [
                0.25177311897277832,
                0.22961599999999999,
                0.088582999999999995,
                374024,
                442956,
                1645429957.4400761,
                545890411682972
            ],
            "child_modules": {
                "sim_core_top": 1,
                "excp_dbg": 1,
                "std": 1,
                "excp_tmr_irq": 1
            },
            "nQuads": 9,
            "end_perf": [
                0.25446796417236328,
                0.23042199999999999,
                0.090772000000000005,
                375016,
                442956,
                545890421264572,
                0,
                0
            ]
        },
        "std": {
            "start_perf": [
                0.25452709197998047,
                0.23046900000000001,
                0.090789999999999996,
                375016,
                442956,
                1645429957.4428301,
                545890421451356
            ],
            "nMops": 528,
            "Compiled": "Yes",
            "child_modules": {},
            "Compiled Times": 1,
            "end_perf": [
                0.25989508628845215,
                0.23406299999999999,
                0.093159000000000006,
                375996,
                442956,
                545890440525148,
                8589934594,
                0
            ],
            "nQuads": 218,
            "svclass": [
                "$vcs_nba_dyn_obj",
                576,
                35,
                2,
                2,
                0,
                "sigprop$$",
                576,
                35,
                2,
                2,
                0,
                "process",
                2380,
                200,
                8,
                8,
                0,
                "event",
                597,
                34,
                2,
                2,
                0,
                "mailbox",
                1769,
                140,
                9,
                9,
                0,
                "semaphore",
                1119,
                84,
                5,
                5,
                0
            ],
            "nRouts": 33
        },
        "sim_core_top": {
            "start_perf": [
                0.42601990699768066,
                0.41435699999999998,
                0.097373000000000001,
                376000,
                442956,
                1645429957.6143229,
                545891030059132
            ],
            "nMops": 36233,
            "Compiled": "Yes",
            "child_modules": {
                "decoder": 1,
                "ifu_top": 1,
                "commit": 1,
                "multi_counter": 1,
                "wbck": 1
            },
            "Compiled Times": 1,
            "significant_routs": [
                [
                    1,
                    "R_VCSgd_Jm6Rb_1",
                    8354496,
                    8599,
                    1196
                ],
                [
                    614,
                    "R_VCSgd_Jm6Rb_266",
                    4609152,
                    6087,
                    994
                ],
                [
                    976,
                    "R_VCSgd_Jm6Rb_3d0",
                    4342944,
                    5988,
                    974
                ]
            ],
            "end_perf": [
                0.54275202751159668,
                0.54020800000000002,
                0.101218,
                376000,
                442956,
                545891444392815,
                167503724545,
                0
            ],
            "nQuads": 10981,
            "nRouts": 1220
        },
        "commit": {
            "nRouts": 200,
            "nMops": 5034,
            "start_perf": [
                0.25992488861083984,
                0.23408799999999999,
                0.093169000000000002,
                375996,
                442956,
                1645429957.4482279,
                545890440601084
            ],
            "Compiled": "Yes",
            "child_modules": {},
            "Compiled Times": 1,
            "nQuads": 1416,
            "end_perf": [
                0.28454494476318359,
                0.26072899999999999,
                0.093862000000000001,
                376000,
                442956,
                545890528046876,
                25769803777,
                0
            ]
        },
        "ifu_top": {
            "nRouts": 162,
            "nMops": 5538,
            "start_perf": [
                0.38674211502075195,
                0.37173899999999999,
                0.096376000000000003,
                376000,
                442956,
                1645429957.5750451,
                545890890661436
            ],
            "Compiled": "Yes",
            "child_modules": {},
            "Compiled Times": 1,
            "nQuads": 1756,
            "end_perf": [
                0.40990090370178223,
                0.39746500000000001,
                0.096376000000000003,
                376000,
                442956,
                545890972932124,
                85899345921,
                0
            ]
        },
        "decoder": {
            "start_perf": [
                0.28458809852600098,
                0.26076500000000002,
                0.093875,
                376000,
                442956,
                1645429957.4728911,
                545890528130044
            ],
            "nMops": 33282,
            "Compiled": "Yes",
            "child_modules": {},
            "Compiled Times": 1,
            "significant_routs": [
                [
                    1,
                    "R_VCSgd_zf0bY_1",
                    9611776,
                    10482,
                    1384
                ],
                [
                    123,
                    "R_VCSgd_zf0bY_7b",
                    4369824,
                    3769,
                    528
                ],
                [
                    204,
                    "R_VCSgd_zf0bY_cc",
                    8967808,
                    9112,
                    1548
                ],
                [
                    344,
                    "R_VCSgd_zf0bY_158",
                    6853920,
                    8224,
                    1169
                ],
                [
                    345,
                    "R_VCSgd_zf0bY_159",
                    7572576,
                    8453,
                    1426
                ],
                [
                    388,
                    "R_VCSgd_zf0bY_184",
                    6360384,
                    6676,
                    1054
                ]
            ],
            "end_perf": [
                0.37919092178344727,
                0.36458200000000002,
                0.095158000000000006,
                376000,
                442956,
                545890863993116,
                42949672961,
                0
            ],
            "nQuads": 7613,
            "nRouts": 523
        },
        "multi_counter": {
            "nRouts": 29,
            "nMops": 777,
            "start_perf": [
                0.40994811058044434,
                0.39751799999999998,
                0.096376000000000003,
                376000,
                442956,
                1645429957.5982511,
                545890973015996
            ],
            "Compiled": "Yes",
            "child_modules": {},
            "Compiled Times": 1,
            "nQuads": 237,