{
    "Modules": {
        "...MASTER...": {
            "start_perf": [
                0.31426405906677246,
                0.24140600000000001,
                0.10942200000000001,
                374132,
                442952,
                1647410543.4745851,
                356388276901673
            ],
            "child_modules": {
                "sim_core_top": 1,
                "excp_dbg": 1,
                "std": 1,
                "sirv_gnrl_dffr": 1
            },
            "end_perf": [
                0.31774497032165527,
                0.24485699999999999,
                0.10945199999999999,
                375124,
                442952,
                356388288068228,
                0,
                0
            ],
            "nMops": 9,
            "nQuads": 5,
            "nRouts": 9
        },
        "csr": {
            "start_perf": [
                0.32475399971008301,
                0.25181300000000001,
                0.109476,
                376104,
                442952,
                1647410543.485075,
                356388310396639
            ],
            "child_modules": {},
            "Compiled": "Yes",
            "end_perf": [
                0.36320900917053223,
                0.28981499999999999,
                0.109929,
                376108,
                442952,
                356388433300795,
                34359738369,
                0
            ],
            "Compiled Times": 1,
            "nMops": 9637,
            "nQuads": 2865,
            "nRouts": 316
        },
        "std": {
            "start_perf": [
                0.31782388687133789,
                0.24491199999999999,
                0.109476,
                375124,
                442952,
                1647410543.4781449,
                356388288268836
            ],
            "child_modules": {},
            "Compiled": "Yes",
            "end_perf": [
                0.32469797134399414,
                0.25175599999999998,
                0.109476,
                376104,
                442952,
                356388310296543,
                8589934594,
                0
            ],
            "Compiled Times": 1,
            "svclass": [
                "$vcs_nba_dyn_obj",
                576,
                35,
                2,
                2,
                0,
                "sigprop$$",
                576,
                35,
                2,
                2,
                0,
                "process",
                2380,
                200,
                8,
                8,
                0,
                "event",
                597,
                34,
                2,
                2,
                0,
                "mailbox",
                1769,
                140,
                9,
                9,
                0,
                "semaphore",
                1119,
                84,
                5,
                5,
                0
            ],
            "nQuads": 218,
            "nMops": 528,
            "nRouts": 33
        },
        "sirv_gnrl_dffr": {
            "start_perf": [
                0.50568294525146484,
                0.43086200000000002,
                0.11131199999999999,
                376108,
                442952,
                1647410543.6660039,
                356388888286961
            ],
            "child_modules": {},
            "Compiled": "Yes",
            "end_perf": [
                0.50864291191101074,
                0.43382100000000001,
                0.11131199999999999,
                376108,
                442952,
                356388897792986,
                146028888065,
                0
            ],
            "Compiled Times": 1,
            "nMops": 183,
            "nQuads": 84,
            "nRouts": 18
        },
        "decoder": {
            "start_perf": [
                0.36326003074645996,
                0.289852,
                0.109943,
                376108,
                442952,
                1647410543.523581,
                356388433385179
            ],
            "significant_routs": [
                [
                    1,
                    "R_VCSgd_zf0bY_1",
                    9398562,
                    10482,
                    1384
                ],
                [
                    204,
                    "R_VCSgd_zf0bY_cc",
                    9364904,
                    9112,
                    1548
                ],
                [
                    344,
                    "R_VCSgd_zf0bY_158",
                    7017612,
                    8224,
                    1169
                ],
                [
                    345,
                    "R_VCSgd_zf0bY_159",
                    7827109,
                    8453,
                    1426
                ],
                [
                    388,
                    "R_VCSgd_zf0bY_184",
                    6529110,
                    6676,
                    1054
                ]
            ],
            "child_modules": {},
            "Compiled": "Yes",
            "end_perf": [
                0.46938610076904297,
                0.39517400000000003,
                0.110735,
                376108,
                442952,
                356388772429441,
                42949672961,
                0
            ],
            "Compiled Times": 1,
            "nQuads": 7614,
            "nMops": 33281,
            "nRouts": 523
        },
        "excp_dbg": {
            "start_perf": [
                0.46943497657775879,
                0.39521299999999998,
                0.110746,
                376108,
                442952,
                1647410543.629756,
                356388772509089
            ],
            "child_modules": {},
            "Compiled": "Yes",
            "end_perf": [
                0.47780895233154297,
                0.40357100000000001,
                0.110746,
                376108,
                442952,
                356388799300221,
                60129542145,
                0
            ],
            "Compiled Times": 1,
            "nMops": 1451,
            "nQuads": 486,
            "nRouts": 55
        },
        "ifu_top": {
            "start_perf": [
                0.47784590721130371,
                0.403609,
                0.110746,
                376108,
                442952,
                1647410543.6381669,
                356388799375293
            ],
            "child_modules": {},
            "Compiled": "Yes",
            "end_perf": [
                0.49945592880249023,
                0.42466199999999998,
                0.11129799999999999,
                376108,
                442952,
                356388868507693,
                85899345921,
                0
            ],
            "Compiled Times": 1,
            "nMops": 4513,
            "nQuads": 1366,
            "nRouts": 141
        },
        "multi_counter": {
            "start_perf": [
                0.49952101707458496,
                0.42471399999999998,
                0.11131199999999999,
                376108,
                442952,
                1647410543.659842,
                356388868605261
            ],
            "child_modules": {},
            "Compiled": "Yes",
            "end_perf": [
                0.50562405586242676,
                0.43080200000000002,
                0.11131199999999999,
                376108,
                442952,
                356388888192817,
                111669149697,
                0
            ],
            "Compiled Times": 1,
            "nMops": 777,
            "nQuads": 237,
            "nRouts": 29
        },