{
    "reusePaths": {},
    "Modules": {
        "decoder": {
            "start_perf": [
                0.28579902648925781,
                0.27085300000000001,
                0.094209000000000001,
                376000,
                442952,
                1645515340.6951129,
                640981754849711
            ],
            "child_modules": {},
            "nMops": 33282,
            "Compiled": "Yes",
            "Compiled Times": 1,
            "nQuads": 7613,
            "significant_routs": [
                [
                    1,
                    "R_VCSgd_zf0bY_1",
                    9565120,
                    10482,
                    1384
                ],
                [
                    204,
                    "R_VCSgd_zf0bY_cc",
                    8943296,
                    9112,
                    1548
                ],
                [
                    344,
                    "R_VCSgd_zf0bY_158",
                    6943968,
                    8224,
                    1169
                ],
                [
                    345,
                    "R_VCSgd_zf0bY_159",
                    7612960,
                    8453,
                    1426
                ],
                [
                    388,
                    "R_VCSgd_zf0bY_184",
                    6405088,
                    6676,
                    1054
                ]
            ],
            "end_perf": [
                0.37966299057006836,
                0.37500299999999998,
                0.094333,
                376000,
                442952,
                640982088044975,
                42949672961,
                0
            ],
            "nRouts": 523
        },
        "wbck": {
            "start_perf": [
                0.41637396812438965,
                0.41502499999999998,
                0.095061000000000007,
                376000,
                442952,
                1645515340.8256879,
                640982218243919
            ],
            "child_modules": {},
            "nMops": 363,
            "Compiled": "Yes",
            "Compiled Times": 1,
            "end_perf": [
                0.41908717155456543,
                0.416966,
                0.096132999999999996,
                376000,
                442952,
                640982227916751,
                150323855361,
                0
            ],
            "nQuads": 89,
            "nRouts": 14
        },
        "...MASTER...": {
            "start_perf": [
                0.25512814521789551,
                0.24082500000000001,
                0.090161000000000005,
                374024,
                442952,
                1645515340.6644421,
                640981646004720
            ],
            "child_modules": {
                "excp_tmr_irq": 1,
                "excp_dbg": 1,
                "sim_core_top": 1,
                "std": 1
            },
            "end_perf": [
                0.25751018524169922,
                0.24220900000000001,
                0.091422000000000003,
                375016,
                442952,
                640981654475312,
                0,
                0
            ],
            "nQuads": 9,
            "nMops": 13,
            "nRouts": 12
        },
        "std": {
            "start_perf": [
                0.25756311416625977,
                0.242253,
                0.091438000000000005,
                375016,
                442952,
                1645515340.666877,
                640981654645424
            ],
            "child_modules": {},
            "nMops": 528,
            "Compiled": "Yes",
            "svclass": [
                "$vcs_nba_dyn_obj",
                576,
                35,
                2,
                2,
                0,
                "sigprop$$",
                576,
                35,
                2,
                2,
                0,
                "process",
                2380,
                200,
                8,
                8,
                0,
                "event",
                597,
                34,
                2,
                2,
                0,
                "mailbox",
                1769,
                140,
                9,
                9,
                0,
                "semaphore",
                1119,
                84,
                5,
                5,
                0
            ],
            "Compiled Times": 1,
            "end_perf": [
                0.26307296752929688,
                0.24837200000000001,
                0.091438000000000005,
                375996,
                442952,
                640981674245407,
                8589934594,
                0
            ],
            "nQuads": 218,
            "nRouts": 33
        },
        "commit": {
            "start_perf": [
                0.26311016082763672,
                0.248414,
                0.091438000000000005,
                375996,
                442952,
                1645515340.6724241,
                640981674337407
            ],
            "child_modules": {},
            "nMops": 5034,
            "Compiled": "Yes",
            "Compiled Times": 1,
            "end_perf": [
                0.2857520580291748,
                0.27081300000000003,
                0.094196000000000002,
                376000,
                442952,
                640981754754831,
                25769803777,
                0
            ],
            "nQuads": 1416,
            "nRouts": 200
        },
        "excp_dbg": {
            "start_perf": [
                0.37971115112304688,
                0.37504599999999999,
                0.094343999999999997,
                376000,
                442952,
                1645515340.7890251,
                640982088129263
            ],
            "child_modules": {},
            "nMops": 1451,
            "Compiled": "Yes",
            "Compiled Times": 1,
            "end_perf": [
                0.38736414909362793,
                0.38353599999999999,
                0.094343999999999997,
                376000,
                442952,
                640982115360687,
                60129542145,
                0
            ],
            "nQuads": 486,
            "nRouts": 55
        },
        "ifu_top": {
            "start_perf": [
                0.38740706443786621,
                0.38358399999999998,
                0.094343999999999997,
                376000,
                442952,
                1645515340.796721,
                640982115445327
            ],
            "child_modules": {},
            "nMops": 5538,
            "Compiled": "Yes",
            "Compiled Times": 1,
            "end_perf": [
                0.41075801849365234,
                0.40951599999999999,
                0.094343999999999997,
                376000,
                442952,
                640982198430703,
                85899345921,
                0
            ],
            "nQuads": 1756,
            "nRouts": 162
        },
        "multi_counter": {
            "start_perf": [
                0.41083097457885742,
                0.40959800000000002,
                0.094343999999999997,
                376000,
                442952,
                1645515340.8201449,
                640982198571247
            ],
            "child_modules": {},
            "nMops": 777,
            "Compiled": "Yes",
            "Compiled Times": 1,
            "end_perf": [
                0.41632819175720215,
                0.41498299999999999,
                0.095051999999999998,
                376000,
                442952,
                640982218156847,
                111669149697,
                0
            ],
            "nQuads": 237,
            "nRouts": 29
        },