{
    "ObjArchives": [
        {
            "archive": "archive.0/_44028_archive_1.a",
            "objects": [
                [
                    "reYIK_d.o",
                    43078
                ],
                [
                    "kWEBF_d.o",
                    69306
                ],
                [
                    "zf0bY_d.o",
                    315220
                ],
                [
                    "S3FV3_d.o",
                    24136
                ],
                [
                    "He9nS_d.o",
                    76216
                ],
                [
                    "Da1cw_d.o",
                    10544
                ],
                [
                    "Jm6Rb_d.o",
                    416600
                ],
                [
                    "amcQwB.o",
                    122422
                ]
            ],
            "size": 1077522
        }
    ],
    "Modules": {
        "sim_core_top": {
            "start_perf": [
                0.54002189636230469,
                0.42950199999999999,
                0.136657,
                375888,
                442952,
                1644561871.9869339,
                45086042575666
            ],
            "child_modules": {
                "ifu_top": 1,
                "commit": 1,
                "decoder": 1,
                "wbck": 1
            },
            "Compiled Times": 1,
            "Compiled": "Yes",
            "end_perf": [
                0.67110300064086914,
                0.55597799999999997,
                0.14125399999999999,
                375888,
                442952,
                45086461323393,
                154618822657,
                0
            ],
            "nMops": 36278,
            "nQuads": 10940,
            "significant_routs": [
                [
                    1,
                    "R_VCSgd_Jm6Rb_1",
                    8663104,
                    8759,
                    1220
                ]
            ],
            "nRouts": 1194
        },
        "...MASTER...": {
            "start_perf": [
                0.36411595344543457,
                0.25934200000000002,
                0.131408,
                373912,
                442952,
                1644561871.811028,
                45085480755746
            ],
            "child_modules": {
                "sim_core_top": 1,
                "excp_dbg": 1,
                "std": 1
            },
            "nMops": 7,
            "end_perf": [
                0.36726784706115723,
                0.259849,
                0.133601,
                374904,
                442952,
                45085490844497,
                0,
                0
            ],
            "nQuads": 4,
            "nRouts": 8
        },
        "commit": {
            "start_perf": [
                0.37329602241516113,
                0.26585399999999998,
                0.13362499999999999,
                375884,
                442952,
                1644561871.8202081,
                45085510055569
            ],
            "Compiled Times": 1,
            "child_modules": {},
            "nMops": 5032,
            "end_perf": [
                0.39807295799255371,
                0.28887400000000002,
                0.13537199999999999,
                375888,
                442952,
                45085589265747,
                25769803777,
                0
            ],
            "Compiled": "Yes",
            "nQuads": 1416,
            "nRouts": 200
        },
        "std": {
            "start_perf": [
                0.36733698844909668,
                0.25989400000000001,
                0.13362499999999999,
                374904,
                442952,
                1644561871.814249,
                45085491088177
            ],
            "svclass": [
                "$vcs_nba_dyn_obj",
                576,
                35,
                2,
                2,
                0,
                "sigprop$$",
                576,
                35,
                2,
                2,
                0,
                "process",
                2380,
                200,
                8,
                8,
                0,
                "event",
                597,
                34,
                2,
                2,
                0,
                "mailbox",
                1769,
                140,
                9,
                9,
                0,
                "semaphore",
                1119,
                84,
                5,
                5,
                0
            ],
            "child_modules": {},
            "Compiled Times": 1,
            "Compiled": "Yes",
            "end_perf": [
                0.3732609748840332,
                0.265818,
                0.13362499999999999,
                375884,
                442952,
                45085509981937,
                8589934594,
                0
            ],
            "nMops": 528,
            "nQuads": 218,
            "nRouts": 33
        },
        "decoder": {
            "start_perf": [
                0.39812088012695312,
                0.28890700000000002,
                0.13538700000000001,
                375888,
                442952,
                1644561871.8450329,
                45085589348403
            ],
            "child_modules": {},
            "Compiled Times": 1,
            "Compiled": "Yes",
            "end_perf": [
                0.50279402732849121,
                0.39323599999999997,
                0.13571800000000001,
                375888,
                442952,
                45085923738898,
                42949672961,
                0
            ],
            "nMops": 33282,
            "nQuads": 7613,
            "significant_routs": [
                [
                    1,
                    "R_VCSgd_zf0bY_1",
                    9302976,
                    10482,
                    1384
                ],
                [
                    204,
                    "R_VCSgd_zf0bY_cc",
                    9256672,
                    9112,
                    1548
                ],
                [
                    344,
                    "R_VCSgd_zf0bY_158",
                    6988736,
                    8224,
                    1169
                ],
                [
                    345,
                    "R_VCSgd_zf0bY_159",
                    8062624,
                    8453,
                    1426
                ],
                [
                    388,
                    "R_VCSgd_zf0bY_184",
                    6542304,
                    6676,
                    1054
                ]
            ],
            "nRouts": 523
        },
        "ifu_top": {
            "start_perf": [
                0.5112149715423584,
                0.40070600000000001,
                0.136657,
                375888,
                442952,
                1644561871.958127,
                45085950566450
            ],
            "Compiled Times": 1,
            "child_modules": {},
            "nMops": 5482,
            "end_perf": [
                0.53657197952270508,
                0.42605900000000002,
                0.136657,
                375888,
                442952,
                45086031664914,
                85899345921,
                0
            ],
            "Compiled": "Yes",
            "nQuads": 1738,
            "nRouts": 160
        },
        "excp_dbg": {
            "start_perf": [
                0.50284290313720703,
                0.39327299999999998,
                0.13573099999999999,
                375888,
                442952,
                1644561871.949755,
                45085923831122
            ],
            "Compiled Times": 1,
            "child_modules": {},
            "nMops": 1451,