{
    "Modules": {
        "commit": {
            "end_perf": [
                0.32701516151428223,
                0.27059699999999998,
                0.091224,
                375840,
                443340,
                44460202800716,
                25769803777,
                0
            ],
            "start_perf": [
                0.30155110359191895,
                0.246113,
                0.090241000000000002,
                375836,
                443340,
                1644561676.017622,
                44460121383725
            ],
            "child_modules": {},
            "nRouts": 200,
            "nMops": 5032,
            "Compiled": "Yes",
            "nQuads": 1416,
            "Compiled Times": 1
        },
        "...MASTER...": {
            "end_perf": [
                0.29469513893127441,
                0.24021200000000001,
                0.089308999999999999,
                374852,
                443340,
                44460099626698,
                0,
                0
            ],
            "start_perf": [
                0.29041004180908203,
                0.23905499999999999,
                0.086181999999999995,
                373864,
                443340,
                1644561676.0064809,
                44460085792748
            ],
            "child_modules": {
                "sim_core_top": 1,
                "excp_dbg": 1,
                "std": 1
            },
            "nQuads": 4,
            "nRouts": 8,
            "nMops": 7
        },
        "ifu_top": {
            "end_perf": [
                0.46723413467407227,
                0.40723300000000001,
                0.094777,
                375840,
                443340,
                44460650709164,
                85899345921,
                0
            ],
            "start_perf": [
                0.4415290355682373,
                0.38153999999999999,
                0.094777,
                375840,
                443340,
                1644561676.1575999,
                44460568503436
            ],
            "child_modules": {},
            "nRouts": 160,
            "nMops": 5482,
            "Compiled": "Yes",
            "nQuads": 1738,
            "Compiled Times": 1
        },
        "std": {
            "start_perf": [
                0.29484701156616211,
                0.24032000000000001,
                0.089349999999999999,
                374852,
                443340,
                1644561676.0109179,
                44460100003775
            ],
            "end_perf": [
                0.30150914192199707,
                0.246082,
                0.090230000000000005,
                375836,
                443340,
                44460121288973,
                8589934594,
                0
            ],
            "child_modules": {},
            "Compiled": "Yes",
            "nMops": 528,
            "Compiled Times": 1,
            "nQuads": 218,
            "svclass": [
                "$vcs_nba_dyn_obj",
                576,
                35,
                2,
                2,
                0,
                "sigprop$$",
                576,
                35,
                2,
                2,
                0,
                "process",
                2380,
                200,
                8,
                8,
                0,
                "event",
                597,
                34,
                2,
                2,
                0,
                "mailbox",
                1769,
                140,
                9,
                9,
                0,
                "semaphore",
                1119,
                84,
                5,
                5,
                0
            ],
            "nRouts": 33
        },
        "decoder": {
            "start_perf": [
                0.32706999778747559,
                0.27063799999999999,
                0.091238,
                375840,
                443340,
                1644561676.0431409,
                44460203031404
            ],
            "end_perf": [
                0.4329221248626709,
                0.37295699999999998,
                0.094767000000000004,
                375840,
                443340,
                44460541080972,
                42949672961,
                0
            ],
            "child_modules": {},
            "Compiled": "Yes",
            "nMops": 33282,
            "nRouts": 523,
            "significant_routs": [
                [
                    1,
                    "R_VCSgd_zf0bY_1",
                    9724288,
                    10482,
                    1384
                ],
                [
                    204,
                    "R_VCSgd_zf0bY_cc",
                    8896416,
                    9112,
                    1548
                ],
                [
                    344,
                    "R_VCSgd_zf0bY_158",
                    7220480,
                    8224,
                    1169
                ],
                [
                    345,
                    "R_VCSgd_zf0bY_159",
                    7548640,
                    8453,
                    1426
                ],
                [
                    388,
                    "R_VCSgd_zf0bY_184",
                    6363456,
                    6676,
                    1054
                ]
            ],
            "Compiled Times": 1,
            "nQuads": 7613
        },
        "wbck": {
            "end_perf": [
                0.47064113616943359,
                0.40981400000000001,
                0.095588999999999993,
                375840,
                443340,
                44460661581228,
                150323855361,
                0
            ],
            "start_perf": [
                0.46729516983032227,
                0.40729500000000002,
                0.094777,
                375840,
                443340,
                1644561676.1833661,
                44460650810220
            ],
            "child_modules": {},
            "nRouts": 14,
            "nMops": 360,
            "Compiled": "Yes",
            "nQuads": 89,
            "Compiled Times": 1
        },
        "excp_dbg": {
            "end_perf": [
                0.44148612022399902,
                0.381496,
                0.094777,
                375840,
                443340,
                44460568428716,
                60129542145,
                0
            ],
            "start_perf": [
                0.43296909332275391,
                0.37299500000000002,
                0.094777,
                375840,
                443340,
                1644561676.14904,
                44460541160300
            ],
            "child_modules": {},
            "nRouts": 55,
            "nMops": 1451,
            "Compiled": "Yes",
            "nQuads": 486,
            "Compiled Times": 1
        },
        "sim_core_top": {
            "start_perf": [
                0.47069001197814941,
                0.40985500000000002,
                0.095598000000000002,
                375840,
                443340,
                1644561676.1867609,
                44460661653644
            ],
            "end_perf": [
                0.60127520561218262,
                0.54041899999999998,
                0.095598000000000002,
                375840,
                443340,
                44461078877228,
                154618822657,
                0
            ],
            "child_modules": {
                "ifu_top": 1,
                "commit": 1,
                "decoder": 1,
                "wbck": 1
            },
            "Compiled": "Yes",
            "nMops": 36278,
            "nRouts": 1194,