{
    "Modules": {
        "...MASTER...": {
            "nRouts": 11,
            "start_perf": [
                0.31644892692565918,
                0.25139400000000001,
                0.10619199999999999,
                374076,
                442956,
                1646037503.198154,
                152434159021750
            ],
            "child_modules": {
                "sirv_gnrl_dffr": 1,
                "sim_core_top": 1,
                "dff_chain": 1,
                "excp_dbg": 1,
                "std": 1
            },
            "end_perf": [
                0.32119202613830566,
                0.25308799999999998,
                0.109239,
                375068,
                442956,
                152434174246422,
                0,
                0
            ],
            "nQuads": 7,
            "nMops": 13
        },
        "sirv_gnrl_dffr": {
            "nRouts": 18,
            "start_perf": [
                0.5195610523223877,
                0.43963600000000003,
                0.120952,
                376052,
                442956,
                1646037503.4012661,
                152434807753276
            ],
            "child_modules": {},
            "nQuads": 84,
            "Compiled": "Yes",
            "Compiled Times": 1,
            "end_perf": [
                0.5218498706817627,
                0.441884,
                0.120992,
                376052,
                442956,
                152434815083036,
                146028888065,
                0
            ],
            "nMops": 183
        },
        "std": {
            "nRouts": 33,
            "start_perf": [
                0.3213200569152832,
                0.25317800000000001,
                0.109278,
                375068,
                442956,
                1646037503.2030251,
                152434174599004
            ],
            "child_modules": {},
            "nQuads": 218,
            "Compiled": "Yes",
            "svclass": [
                "$vcs_nba_dyn_obj",
                576,
                35,
                2,
                2,
                0,
                "sigprop$$",
                576,
                35,
                2,
                2,
                0,
                "process",
                2380,
                200,
                8,
                8,
                0,
                "event",
                597,
                34,
                2,
                2,
                0,
                "mailbox",
                1769,
                140,
                9,
                9,
                0,
                "semaphore",
                1119,
                84,
                5,
                5,
                0
            ],
            "Compiled Times": 1,
            "end_perf": [
                0.33002185821533203,
                0.25642100000000001,
                0.114686,
                376048,
                442956,
                152434202437659,
                8589934594,
                0
            ],
            "nMops": 528
        },
        "multi_counter": {
            "nRouts": 29,
            "start_perf": [
                0.51357007026672363,
                0.434641,
                0.119973,
                376052,
                442956,
                1646037503.3952751,
                152434788631964
            ],
            "child_modules": {},
            "nQuads": 237,
            "Compiled": "Yes",
            "Compiled Times": 1,
            "end_perf": [
                0.51952004432678223,
                0.43960399999999999,
                0.12094299999999999,
                376052,
                442956,
                152434807679452,
                111669149697,
                0
            ],
            "nMops": 777
        },
        "csr": {
            "nRouts": 319,
            "start_perf": [
                0.33007502555847168,
                0.25645800000000002,
                0.114702,
                376048,
                442956,
                1646037503.2117801,
                152434202531291
            ],
            "child_modules": {},
            "nQuads": 2904,
            "Compiled": "Yes",
            "Compiled Times": 1,
            "end_perf": [
                0.37178301811218262,
                0.29704999999999998,
                0.115817,
                376052,
                442956,
                152434335843211,
                34359738369,
                0
            ],
            "nMops": 9887
        },
        "decoder": {
            "nRouts": 523,
            "start_perf": [
                0.37183690071105957,
                0.29709000000000002,
                0.11583300000000001,
                376052,
                442956,
                1646037503.2535419,
                152434335922699
            ],
            "child_modules": {},
            "significant_routs": [
                [
                    1,
                    "R_VCSgd_zf0bY_1",
                    9609760,
                    10482,
                    1384
                ],
                [
                    204,
                    "R_VCSgd_zf0bY_cc",
                    9258432,
                    9112,
                    1548
                ],
                [
                    344,
                    "R_VCSgd_zf0bY_158",
                    7126656,
                    8224,
                    1169
                ],
                [
                    345,
                    "R_VCSgd_zf0bY_159",
                    7717696,
                    8453,
                    1426
                ],
                [
                    388,
                    "R_VCSgd_zf0bY_184",
                    6378848,
                    6676,
                    1054
                ]
            ],
            "nQuads": 7614,
            "Compiled": "Yes",
            "Compiled Times": 1,
            "end_perf": [
                0.4786829948425293,
                0.40249299999999999,
                0.117261,
                376052,
                442956,
                152434677256028,
                42949672961,
                0
            ],
            "nMops": 33281
        },
        "excp_dbg": {
            "nRouts": 55,
            "start_perf": [
                0.47873497009277344,
                0.402534,
                0.117273,
                376052,
                442956,
                1646037503.36044,
                152434677354300
            ],
            "child_modules": {},
            "nQuads": 486,
            "Compiled": "Yes",
            "Compiled Times": 1,
            "end_perf": [
                0.48720693588256836,
                0.40993299999999999,
                0.11833100000000001,
                376052,
                442956,
                152434704457244,
                60129542145,
                0
            ],
            "nMops": 1451
        },
        "ifu_top": {
            "nRouts": 165,
            "start_perf": [
                0.48724484443664551,
                0.40996199999999999,
                0.118339,
                376052,
                442956,
                1646037503.3689499,
                152434704534172
            ],
            "child_modules": {},
            "nQuads": 1762,
            "Compiled": "Yes",
            "Compiled Times": 1,
            "end_perf": [
                0.51349592208862305,
                0.434583,
                0.11995699999999999,
                376052,
                442956,
                152434788506556,
                85899345921,
                0
            ],
            "nMops": 5554
        },
        "dff_chain": {
            "nRouts": 33,