{
    "Modules": {
        "...MASTER...": {
            "nMops": 9,
            "start_perf": [
                0.32299017906188965,
                0.26239400000000002,
                0.099608000000000002,
                374200,
                442952,
                1647412271.4664841,
                361907490978845
            ],
            "end_perf": [
                0.32641005516052246,
                0.26487699999999997,
                0.100545,
                375192,
                442952,
                361907501905538,
                0,
                0
            ],
            "child_modules": {
                "sim_core_top": 1,
                "excp_dbg": 1,
                "std": 1,
                "sirv_gnrl_dffr": 1
            },
            "nQuads": 5,
            "nRouts": 9
        },
        "std": {
            "start_perf": [
                0.32647418975830078,
                0.26492399999999999,
                0.100563,
                375192,
                442952,
                1647412271.4699681,
                361907502094626
            ],
            "nMops": 528,
            "child_modules": {},
            "svclass": [
                "$vcs_nba_dyn_obj",
                576,
                35,
                2,
                2,
                0,
                "sigprop$$",
                576,
                35,
                2,
                2,
                0,
                "process",
                2380,
                200,
                8,
                8,
                0,
                "event",
                597,
                34,
                2,
                2,
                0,
                "mailbox",
                1769,
                140,
                9,
                9,
                0,
                "semaphore",
                1119,
                84,
                5,
                5,
                0
            ],
            "Compiled Times": 1,
            "end_perf": [
                0.33351516723632812,
                0.27178600000000003,
                0.100701,
                376172,
                442952,
                361907524638577,
                8589934594,
                0
            ],
            "Compiled": "Yes",
            "nQuads": 218,
            "nRouts": 33
        },
        "wbck": {
            "nMops": 362,
            "start_perf": [
                0.52363300323486328,
                0.45843299999999998,
                0.104115,
                376176,
                442952,
                1647412271.6671269,
                361908131851945
            ],
            "end_perf": [
                0.52647900581359863,
                0.46126400000000001,
                0.104115,
                376176,
                442952,
                361908140928281,
                150323855361,
                0
            ],
            "Compiled Times": 1,
            "child_modules": {},
            "Compiled": "Yes",
            "nQuads": 89,
            "nRouts": 14
        },
        "csr": {
            "nMops": 9637,
            "start_perf": [
                0.33356118202209473,
                0.27182000000000001,
                0.100714,
                376172,
                442952,
                1647412271.4770551,
                361907524722385
            ],
            "end_perf": [
                0.37212920188903809,
                0.31020399999999998,
                0.100897,
                376176,
                442952,
                361907647992014,
                34359738369,
                0
            ],
            "Compiled Times": 1,
            "child_modules": {},
            "Compiled": "Yes",
            "nQuads": 2865,
            "nRouts": 316
        },
        "sirv_gnrl_dffr": {
            "nMops": 183,
            "start_perf": [
                0.52057409286499023,
                0.455374,
                0.104115,
                376176,
                442952,
                1647412271.664068,
                361908122041135
            ],
            "end_perf": [
                0.52359414100646973,
                0.45839299999999999,
                0.104115,
                376176,
                442952,
                361908131734281,
                146028888065,
                0
            ],
            "Compiled Times": 1,
            "child_modules": {},
            "Compiled": "Yes",
            "nQuads": 84,
            "nRouts": 18
        },
        "decoder": {
            "start_perf": [
                0.37218117713928223,
                0.31024400000000002,
                0.100909,
                376176,
                442952,
                1647412271.5156751,
                361907648074862
            ],
            "nMops": 33281,
            "Compiled Times": 1,
            "end_perf": [
                0.48211216926574707,
                0.41960399999999998,
                0.101466,
                376176,
                442952,
                361907999282848,
                42949672961,
                0
            ],
            "child_modules": {},
            "Compiled": "Yes",
            "significant_routs": [
                [
                    1,
                    "R_VCSgd_zf0bY_1",
                    10068787,
                    10482,
                    1384
                ],
                [
                    204,
                    "R_VCSgd_zf0bY_cc",
                    9421970,
                    9112,
                    1548
                ],
                [
                    344,
                    "R_VCSgd_zf0bY_158",
                    7378183,
                    8224,
                    1169
                ],
                [
                    345,
                    "R_VCSgd_zf0bY_159",
                    8056620,
                    8453,
                    1426
                ],
                [
                    388,
                    "R_VCSgd_zf0bY_184",
                    6913232,
                    6676,
                    1054
                ]
            ],
            "nQuads": 7614,
            "nRouts": 523
        },
        "excp_dbg": {
            "nMops": 1451,
            "start_perf": [
                0.48216819763183594,
                0.41964899999999999,
                0.101476,
                376176,
                442952,
                1647412271.6256621,
                361907999373408
            ],
            "end_perf": [
                0.49090003967285156,
                0.42746299999999998,
                0.10238,
                376176,
                442952,
                361908027302380,
                60129542145,
                0
            ],
            "Compiled Times": 1,
            "child_modules": {},
            "Compiled": "Yes",
            "nQuads": 486,
            "nRouts": 55
        },
        "sim_core_top": {
            "start_perf": [
                0.54137110710144043,
                0.476136,
                0.104115,
                376176,
                442952,
                1647412271.684865,
                361908188465651
            ],
            "nMops": 33994,
            "Compiled Times": 1,
            "end_perf": [
                0.67417311668395996,
                0.60536000000000001,
                0.10713399999999999,
                376176,
                442952,
                361908612733565,
                171798691841,
                0
            ],
            "child_modules": {
                "ifu_top": 1,
                "intagent": 1,
                "wbck": 1,
                "csr": 1,
                "multi_counter": 1,
                "decoder": 1
            },
            "Compiled": "Yes",