{
    "reusePaths": {},
    "Modules": {
        "...MASTER...": {
            "start_perf": [
                0.2931668758392334,
                0.23837,
                0.098270999999999997,
                374028,
                442952,
                1646315024.323525,
                167889968716458
            ],
            "end_perf": [
                0.29558491706848145,
                0.24037600000000001,
                0.098669000000000007,
                375020,
                442952,
                167889976413162,
                0,
                0
            ],
            "child_modules": {
                "sim_core_top": 1,
                "excp_dbg": 1,
                "sirv_gnrl_dffr": 1,
                "std": 1
            },
            "nQuads": 5,
            "nRouts": 9,
            "nMops": 9
        },
        "multi_counter": {
            "Compiled": "Yes",
            "start_perf": [
                0.47840380668640137,
                0.42026599999999997,
                0.10051300000000001,
                376004,
                442952,
                1646315024.5087619,
                167890557002084
            ],
            "end_perf": [
                0.48413395881652832,
                0.42594799999999999,
                0.10051300000000001,
                376004,
                442952,
                167890575354948,
                111669149697,
                0
            ],
            "child_modules": {},
            "Compiled Times": 1,
            "nQuads": 237,
            "nRouts": 29,
            "nMops": 777
        },
        "std": {
            "svclass": [
                "$vcs_nba_dyn_obj",
                576,
                35,
                2,
                2,
                0,
                "sigprop$$",
                576,
                35,
                2,
                2,
                0,
                "process",
                2380,
                200,
                8,
                8,
                0,
                "event",
                597,
                34,
                2,
                2,
                0,
                "mailbox",
                1769,
                140,
                9,
                9,
                0,
                "semaphore",
                1119,
                84,
                5,
                5,
                0
            ],
            "start_perf": [
                0.29564499855041504,
                0.24041899999999999,
                0.098686999999999997,
                375020,
                442952,
                1646315024.3260031,
                167889976583498
            ],
            "Compiled": "Yes",
            "end_perf": [
                0.30195999145507812,
                0.24565300000000001,
                0.099731,
                376000,
                442952,
                167889996658053,
                8589934594,
                0
            ],
            "child_modules": {},
            "Compiled Times": 1,
            "nQuads": 218,
            "nRouts": 33,
            "nMops": 528
        },
        "sirv_gnrl_dffr": {
            "Compiled": "Yes",
            "start_perf": [
                0.48421001434326172,
                0.42594799999999999,
                0.100589,
                376004,
                442952,
                1646315024.5145681,
                167890575451300
            ],
            "end_perf": [
                0.48684382438659668,
                0.42786999999999997,
                0.101283,
                376004,
                442952,
                167890583852260,
                146028888065,
                0
            ],
            "child_modules": {},
            "Compiled Times": 1,
            "nQuads": 84,
            "nRouts": 18,
            "nMops": 183
        },
        "ifu_top": {
            "Compiled": "Yes",
            "start_perf": [
                0.45472002029418945,
                0.39671899999999999,
                0.10051300000000001,
                376004,
                442952,
                1646315024.4850781,
                167890481785668
            ],
            "end_perf": [
                0.47833800315856934,
                0.42019800000000002,
                0.10051300000000001,
                376004,
                442952,
                167890556910852,
                85899345921,
                0
            ],
            "child_modules": {},
            "Compiled Times": 1,
            "nQuads": 1569,
            "nRouts": 141,
            "nMops": 5017
        },
        "csr": {
            "Compiled": "Yes",
            "start_perf": [
                0.30199098587036133,
                0.24567600000000001,
                0.099739999999999995,
                376000,
                442952,
                1646315024.3323491,
                167889996731045
            ],
            "end_perf": [
                0.3399658203125,
                0.28265600000000002,
                0.10050000000000001,
                376004,
                442952,
                167890117426276,
                34359738369,
                0
            ],
            "child_modules": {},
            "Compiled Times": 1,
            "nQuads": 2865,
            "nRouts": 316,
            "nMops": 9637
        },
        "decoder": {
            "start_perf": [
                0.34001898765563965,
                0.28269499999999997,
                0.10051300000000001,
                376004,
                442952,
                1646315024.3703771,
                167890117506692
            ],
            "Compiled": "Yes",
            "end_perf": [
                0.4462440013885498,
                0.38830199999999998,
                0.10051300000000001,
                376004,
                442952,
                167890454953924,
                42949672961,
                0
            ],
            "child_modules": {},
            "significant_routs": [
                [
                    1,
                    "R_VCSgd_zf0bY_1",
                    9771872,
                    10482,
                    1384
                ],
                [
                    123,
                    "R_VCSgd_zf0bY_7b",
                    4437824,
                    3769,
                    528
                ],
                [
                    204,
                    "R_VCSgd_zf0bY_cc",
                    9271616,
                    9112,
                    1548
                ],
                [
                    344,
                    "R_VCSgd_zf0bY_158",
                    6866624,
                    8224,
                    1169
                ],
                [
                    345,
                    "R_VCSgd_zf0bY_159",
                    7703200,
                    8453,
                    1426
                ],
                [
                    388,
                    "R_VCSgd_zf0bY_184",
                    6371680,
                    6676,
                    1054
                ]
            ],
            "Compiled Times": 1,
            "nQuads": 7614,
            "nRouts": 523,
            "nMops": 33281
        },
        "excp_dbg": {
            "Compiled": "Yes",
            "start_perf": [
                0.44629597663879395,
                0.38835599999999998,
                0.10051300000000001,
                376004,
                442952,
                1646315024.4766541,
                167890455031588
            ],
            "end_perf": [
                0.4546809196472168,
                0.39667999999999998,
                0.10051300000000001,
                376004,
                442952,
                167890481706340,
                60129542145,
                0
            ],
            "child_modules": {},
            "Compiled Times": 1,