{
    "Modules": {
        "std": {
            "start_perf": [
                0.46106290817260742,
                0.39995799999999998,
                0.23149400000000001,
                375000,
                442952,
                1645080433.7611649,
                416813746148073
            ],
            "child_modules": {},
            "Compiled": "Yes",
            "svclass": [
                "$vcs_nba_dyn_obj",
                576,
                35,
                2,
                2,
                0,
                "sigprop$$",
                576,
                35,
                2,
                2,
                0,
                "process",
                2380,
                200,
                8,
                8,
                0,
                "event",
                597,
                34,
                2,
                2,
                0,
                "mailbox",
                1769,
                140,
                9,
                9,
                0,
                "semaphore",
                1119,
                84,
                5,
                5,
                0
            ],
            "Compiled Times": 1,
            "nQuads": 218,
            "nMops": 528,
            "end_perf": [
                0.46995091438293457,
                0.407692,
                0.233621,
                375980,
                442952,
                416813777709001,
                8589934594,
                0
            ],
            "nRouts": 33
        },
        "...MASTER...": {
            "start_perf": [
                0.45131492614746094,
                0.38980399999999998,
                0.23081599999999999,
                374008,
                442952,
                1645080433.7514169,
                416813711556234
            ],
            "child_modules": {
                "excp_dbg": 1,
                "sim_core_top": 1,
                "std": 1
            },
            "nMops": 7,
            "end_perf": [
                0.46094489097595215,
                0.39987499999999998,
                0.23144600000000001,
                375000,
                442952,
                416813745747529,
                0,
                0
            ],
            "nQuads": 4,
            "nRouts": 8
        },
        "commit": {
            "start_perf": [
                0.4699859619140625,
                0.407717,
                0.23363500000000001,
                375980,
                442952,
                1645080433.770088,
                416813777800233
            ],
            "child_modules": {},
            "Compiled": "Yes",
            "nQuads": 1416,
            "Compiled Times": 1,
            "nMops": 5034,
            "end_perf": [
                0.49468708038330078,
                0.43248199999999998,
                0.236316,
                375984,
                442952,
                416813865694377,
                25769803777,
                0
            ],
            "nRouts": 200
        },
        "ifu_top": {
            "start_perf": [
                0.59839296340942383,
                0.54241700000000004,
                0.24157999999999999,
                375984,
                442952,
                1645080433.898495,
                416814233504777
            ],
            "child_modules": {},
            "Compiled": "Yes",
            "nQuads": 1756,
            "Compiled Times": 1,
            "nMops": 5538,
            "end_perf": [
                0.62222194671630859,
                0.56766799999999995,
                0.24279800000000001,
                375984,
                442952,
                416814318159241,
                85899345921,
                0
            ],
            "nRouts": 162
        },
        "decoder": {
            "start_perf": [
                0.49478507041931152,
                0.43248199999999998,
                0.23640900000000001,
                375984,
                442952,
                1645080433.7948871,
                416813865826473
            ],
            "child_modules": {},
            "Compiled": "Yes",
            "Compiled Times": 1,
            "nQuads": 7613,
            "significant_routs": [
                [
                    1,
                    "R_VCSgd_zf0bY_1",
                    10220320,
                    10482,
                    1384
                ],
                [
                    204,
                    "R_VCSgd_zf0bY_cc",
                    9445536,
                    9112,
                    1548
                ],
                [
                    345,
                    "R_VCSgd_zf0bY_159",
                    7666240,
                    8453,
                    1426
                ]
            ],
            "nMops": 33282,
            "end_perf": [
                0.59074091911315918,
                0.53487399999999996,
                0.24063599999999999,
                375984,
                442952,
                416814206429353,
                42949672961,
                0
            ],
            "nRouts": 523
        },
        "sim_core_top": {
            "start_perf": [
                0.63041210174560547,
                0.575623,
                0.243927,
                375984,
                442952,
                1645080433.9305141,
                416814347131113
            ],
            "child_modules": {
                "decoder": 1,
                "ifu_top": 1,
                "commit": 1,
                "multi_counter": 1,
                "wbck": 1
            },
            "Compiled": "Yes",
            "Compiled Times": 1,
            "nQuads": 10981,
            "significant_routs": [
                [
                    1,
                    "R_VCSgd_Jm6Rb_1",
                    9018592,
                    8599,
                    1196
                ]
            ],
            "nMops": 36233,
            "end_perf": [
                0.75123190879821777,
                0.70624200000000004,
                0.247525,
                375984,
                442952,
                416814775996698,
                154618822657,
                0
            ],
            "nRouts": 1220
        },
        "wbck": {
            "start_perf": [
                0.627777099609375,
                0.57288899999999998,
                0.24373400000000001,
                375984,
                442952,
                1645080433.9278791,
                416814337782185
            ],
            "child_modules": {},
            "Compiled": "Yes",
            "nQuads": 89,
            "Compiled Times": 1,
            "nMops": 363,
            "end_perf": [
                0.63037896156311035,
                0.57559700000000003,
                0.24391599999999999,
                375984,
                442952,
                416814347059913,
                150323855361,
                0
            ],
            "nRouts": 14
        },
        "excp_dbg": {
            "start_perf": [
                0.59079289436340332,
                0.53491299999999997,
                0.24065400000000001,
                375984,
                442952,
                1645080433.8908949,
                416814206530249
            ],
            "child_modules": {},
            "Compiled": "Yes",
            "nQuads": 486,
            "Compiled Times": 1,
            "nMops": 1451,
            "end_perf": [
                0.59835600852966309,
                0.54238799999999998,
                0.241568,
                375984,
                442952,
                416814233420873,
                60129542145,
                0
            ],
            "nRouts": 55
        },