{
    "Modules": {
        "...MASTER...": {
            "start_perf": [
                0.29136109352111816,
                0.25583,
                0.076227000000000003,
                373992,
                442956,
                1644988437.8007121,
                322723422547130
            ],
            "child_modules": {
                "sim_core_top": 1,
                "excp_dbg": 1,
                "std": 1
            },
            "nMops": 7,
            "end_perf": [
                0.29404807090759277,
                0.256521,
                0.078206999999999999,
                374984,
                442956,
                322723431100538,
                0,
                0
            ],
            "nQuads": 4,
            "nRouts": 8
        },
        "excp_dbg": {
            "start_perf": [
                0.43682193756103516,
                0.39654800000000001,
                0.080130999999999994,
                375968,
                442956,
                1644988437.946173,
                322723884599195
            ],
            "child_modules": {},
            "nQuads": 486,
            "Compiled Times": 1,
            "Compiled": "Yes",
            "nMops": 1451,
            "end_perf": [
                0.44604706764221191,
                0.40570499999999998,
                0.080130999999999994,
                375968,
                442956,
                322723913964123,
                60129542145,
                0
            ],
            "nRouts": 55
        },
        "std": {
            "start_perf": [
                0.29411101341247559,
                0.25657000000000002,
                0.078222,
                374984,
                442956,
                1644988437.803462,
                322723431282778
            ],
            "child_modules": {},
            "nQuads": 218,
            "Compiled": "Yes",
            "Compiled Times": 1,
            "end_perf": [
                0.30070590972900391,
                0.26310600000000001,
                0.078222,
                375964,
                442956,
                322723452256091,
                8589934594,
                0
            ],
            "nMops": 528,
            "svclass": [
                "$vcs_nba_dyn_obj",
                576,
                35,
                2,
                2,
                0,
                "sigprop$$",
                576,
                35,
                2,
                2,
                0,
                "process",
                2380,
                200,
                8,
                8,
                0,
                "event",
                597,
                34,
                2,
                2,
                0,
                "mailbox",
                1769,
                140,
                9,
                9,
                0,
                "semaphore",
                1119,
                84,
                5,
                5,
                0
            ],
            "nRouts": 33
        },
        "decoder": {
            "significant_routs": [
                [
                    1,
                    "R_VCSgd_zf0bY_1",
                    10037120,
                    10482,
                    1384
                ],
                [
                    204,
                    "R_VCSgd_zf0bY_cc",
                    9750048,
                    9112,
                    1548
                ],
                [
                    344,
                    "R_VCSgd_zf0bY_158",
                    7342912,
                    8224,
                    1169
                ],
                [
                    345,
                    "R_VCSgd_zf0bY_159",
                    7991648,
                    8453,
                    1426
                ],
                [
                    388,
                    "R_VCSgd_zf0bY_184",
                    7120576,
                    6676,
                    1054
                ]
            ],
            "start_perf": [
                0.32618093490600586,
                0.288443,
                0.078222,
                375968,
                442956,
                1644988437.8355319,
                322723533147068
            ],
            "child_modules": {},
            "nQuads": 7613,
            "Compiled": "Yes",
            "Compiled Times": 1,
            "end_perf": [
                0.43676304817199707,
                0.39649800000000002,
                0.080120999999999998,
                375968,
                442956,
                322723884506523,
                42949672961,
                0
            ],
            "nMops": 33282,
            "nRouts": 523
        },
        "commit": {
            "start_perf": [
                0.30074191093444824,
                0.26314300000000002,
                0.078222,
                375964,
                442956,
                1644988437.8100929,
                322723452336955
            ],
            "child_modules": {},
            "nQuads": 1416,
            "Compiled Times": 1,
            "Compiled": "Yes",
            "nMops": 5034,
            "end_perf": [
                0.32612895965576172,
                0.28839100000000001,
                0.078222,
                375968,
                442956,
                322723533061628,
                25769803777,
                0
            ],
            "nRouts": 200
        },
        "multi_counter": {
            "start_perf": [
                0.47383403778076172,
                0.43332300000000001,
                0.080130999999999994,
                375968,
                442956,
                1644988437.9831851,
                322724002171675
            ],
            "child_modules": {},
            "nQuads": 237,
            "Compiled Times": 1,
            "Compiled": "Yes",
            "nMops": 777,
            "end_perf": [
                0.47959589958190918,
                0.43828499999999998,
                0.080897999999999998,
                375968,
                442956,
                322724020522203,
                111669149697,
                0
            ],
            "nRouts": 29
        },
        "wbck": {
            "start_perf": [
                0.47963595390319824,
                0.43831900000000001,
                0.080904000000000004,
                375968,
                442956,
                1644988437.988987,
                322724020597851
            ],
            "child_modules": {},
            "nQuads": 89,
            "Compiled Times": 1,
            "Compiled": "Yes",
            "nMops": 363,
            "end_perf": [
                0.48278594017028809,
                0.440413,
                0.081936999999999996,
                375968,
                442956,
                322724030677418,
                150323855361,
                0
            ],
            "nRouts": 14
        },
        "ifu_top": {
            "start_perf": [
                0.44611907005310059,
                0.405777,
                0.080130999999999994,
                375968,
                442956,
                1644988437.9554701,
                322723914131451
            ],
            "child_modules": {},
            "nQuads": 1756,
            "Compiled Times": 1,
            "Compiled": "Yes",
            "nMops": 5538,
            "end_perf": [
                0.47377395629882812,
                0.43326100000000001,
                0.080130999999999994,
                375968,
                442956,
                322724002065915,
                85899345921,
                0
            ],
            "nRouts": 162
        },