{
    "Modules": {
        "std": {
            "start_perf": [
                0.28683900833129883,
                0.253604,
                0.107519,
                375060,
                442952,
                1647775119.5340381,
                47325318783152
            ],
            "Compiled": "Yes",
            "end_perf": [
                0.29307985305786133,
                0.25972000000000001,
                0.10831300000000001,
                376040,
                442952,
                47325340966468,
                8589934594,
                0
            ],
            "nMops": 528,
            "child_modules": {},
            "svclass": [
                "$vcs_nba_dyn_obj",
                576,
                35,
                2,
                2,
                0,
                "sigprop$$",
                576,
                35,
                2,
                2,
                0,
                "process",
                2380,
                200,
                8,
                8,
                0,
                "event",
                597,
                34,
                2,
                2,
                0,
                "mailbox",
                1769,
                140,
                9,
                9,
                0,
                "semaphore",
                1119,
                84,
                5,
                5,
                0
            ],
            "Compiled Times": 1,
            "nQuads": 218,
            "nRouts": 33
        },
        "...MASTER...": {
            "end_perf": [
                0.28677797317504883,
                0.25355699999999998,
                0.107498,
                375060,
                442952,
                47325318589392,
                0,
                0
            ],
            "start_perf": [
                0.28304600715637207,
                0.25108900000000001,
                0.106545,
                374068,
                442952,
                1647775119.5302451,
                47325305341936
            ],
            "nMops": 9,
            "child_modules": {
                "sim_core_top": 1,
                "sirv_gnrl_dffr": 1,
                "excp_dbg": 1,
                "std": 1
            },
            "nQuads": 5,
            "nRouts": 9
        },
        "csr": {
            "end_perf": [
                0.3275148868560791,
                0.29789399999999999,
                0.10832700000000001,
                376044,
                442952,
                47325463047124,
                34359738369,
                0
            ],
            "Compiled": "Yes",
            "start_perf": [
                0.2931220531463623,
                0.25975399999999998,
                0.10832700000000001,
                376040,
                442952,
                1647775119.5403211,
                47325341051748
            ],
            "nMops": 9637,
            "child_modules": {},
            "Compiled Times": 1,
            "nQuads": 2865,
            "nRouts": 316
        },
        "decoder": {
            "start_perf": [
                0.32755804061889648,
                0.29794199999999998,
                0.10832700000000001,
                376044,
                442952,
                1647775119.5747571,
                47325463122420
            ],
            "Compiled": "Yes",
            "end_perf": [
                0.42690086364746094,
                0.40485399999999999,
                0.111565,
                376044,
                442952,
                47325815367700,
                42949672961,
                0
            ],
            "nMops": 33281,
            "child_modules": {},
            "Compiled Times": 1,
            "significant_routs": [
                [
                    1,
                    "R_VCSgd_zf0bY_1",
                    10014880,
                    10482,
                    1384
                ],
                [
                    204,
                    "R_VCSgd_zf0bY_cc",
                    10161920,
                    9112,
                    1548
                ],
                [
                    344,
                    "R_VCSgd_zf0bY_158",
                    7074720,
                    8224,
                    1169
                ],
                [
                    345,
                    "R_VCSgd_zf0bY_159",
                    8493792,
                    8453,
                    1426
                ],
                [
                    388,
                    "R_VCSgd_zf0bY_184",
                    6600128,
                    6676,
                    1054
                ]
            ],
            "nQuads": 7614,
            "nRouts": 523
        },
        "excp_dbg": {
            "end_perf": [
                0.43524599075317383,
                0.41294199999999998,
                0.11272500000000001,
                376044,
                442952,
                47325844950612,
                60129542145,
                0
            ],
            "Compiled": "Yes",
            "start_perf": [
                0.42694902420043945,
                0.40489700000000001,
                0.11157599999999999,
                376044,
                442952,
                1647775119.6741481,
                47325815446644
            ],
            "nMops": 1451,
            "child_modules": {},
            "Compiled Times": 1,
            "nQuads": 486,
            "nRouts": 55
        },
        "sirv_gnrl_dffr": {
            "end_perf": [
                0.46048402786254883,
                0.43415700000000002,
                0.11945,
                376044,
                442952,
                47325934350420,
                146028888065,
                0
            ],
            "Compiled": "Yes",
            "start_perf": [
                0.45827198028564453,
                0.43313099999999999,
                0.118022,
                376044,
                442952,
                1647775119.705471,
                47325926481204
            ],
            "nMops": 183,
            "child_modules": {},
            "Compiled Times": 1,
            "nQuads": 84,
            "nRouts": 18
        },
        "ifu_top": {
            "end_perf": [
                0.45297789573669434,
                0.42933399999999999,
                0.115943,
                376044,
                442952,
                47325907793076,
                85899345921,
                0
            ],
            "Compiled": "Yes",
            "start_perf": [
                0.43529796600341797,
                0.41298800000000002,
                0.112737,
                376044,
                442952,
                1647775119.682497,
                47325845042292
            ],
            "nMops": 3760,
            "child_modules": {},
            "Compiled Times": 1,
            "nQuads": 1425,
            "nRouts": 128
        },
        "multi_counter": {
            "end_perf": [
                0.45823287963867188,
                0.43309599999999998,
                0.11801300000000001,
                376044,
                442952,
                47325926404244,
                111669149697,
                0
            ],
            "Compiled": "Yes",
            "start_perf": [
                0.45302391052246094,
                0.42937500000000001,
                0.115954,
                376044,
                442952,
                1647775119.700223,
                47325907878452
            ],
            "nMops": 777,
            "child_modules": {},
            "Compiled Times": 1,
            "nQuads": 237,
            "nRouts": 29
        },