{
    "Modules": {
        "...MASTER...": {
            "start_perf": [
                0.29529786109924316,
                0.238732,
                0.096298999999999996,
                374068,
                442952,
                1647758733.691129,
                17710732990274
            ],
            "child_modules": {
                "excp_dbg": 1,
                "sim_core_top": 1,
                "std": 1,
                "sirv_gnrl_dffr": 1
            },
            "end_perf": [
                0.29911589622497559,
                0.238732,
                0.100115,
                375060,
                442952,
                17710745343810,
                0,
                0
            ],
            "nQuads": 5,
            "nMops": 9,
            "nRouts": 9
        },
        "std": {
            "Compiled": "Yes",
            "start_perf": [
                0.29926681518554688,
                0.238732,
                0.100267,
                375060,
                442952,
                1647758733.6950979,
                17710745652066
            ],
            "child_modules": {},
            "Compiled Times": 1,
            "nMops": 528,
            "end_perf": [
                0.30620479583740234,
                0.243864,
                0.10205699999999999,
                376040,
                442952,
                17710767871010,
                8589934594,
                0
            ],
            "nQuads": 218,
            "svclass": [
                "$vcs_nba_dyn_obj",
                576,
                35,
                2,
                2,
                0,
                "sigprop$$",
                576,
                35,
                2,
                2,
                0,
                "process",
                2380,
                200,
                8,
                8,
                0,
                "event",
                597,
                34,
                2,
                2,
                0,
                "mailbox",
                1769,
                140,
                9,
                9,
                0,
                "semaphore",
                1119,
                84,
                5,
                5,
                0
            ],
            "nRouts": 33
        },
        "multi_counter": {
            "Compiled": "Yes",
            "start_perf": [
                0.47929596900939941,
                0.41182000000000002,
                0.107157,
                376044,
                442952,
                1647758733.8751271,
                17711320654594
            ],
            "child_modules": {},
            "nMops": 777,
            "Compiled Times": 1,
            "end_perf": [
                0.48476696014404297,
                0.41727799999999998,
                0.107157,
                376044,
                442952,
                17711338228226,
                111669149697,
                0
            ],
            "nQuads": 237,
            "nRouts": 29
        },
        "intagent": {
            "Compiled": "Yes",
            "start_perf": [
                0.49178290367126465,
                0.42242499999999999,
                0.109013,
                376044,
                442952,
                1647758733.887614,
                17711360535330
            ],
            "child_modules": {},
            "nMops": 2901,
            "Compiled Times": 1,
            "end_perf": [
                0.50723600387573242,
                0.436666,
                0.11021599999999999,
                376044,
                442952,
                17711409966142,
                167503724545,
                0
            ],
            "nQuads": 1128,
            "nRouts": 139
        },
        "csr": {
            "Compiled": "Yes",
            "start_perf": [
                0.30625486373901367,
                0.243899,
                0.102072,
                376040,
                442952,
                1647758733.702086,
                17710767958402
            ],
            "child_modules": {},
            "nMops": 9637,
            "Compiled Times": 1,
            "end_perf": [
                0.34631586074829102,
                0.28258899999999998,
                0.103438,
                376044,
                442952,
                17710896023394,
                34359738369,
                0
            ],
            "nQuads": 2865,
            "nRouts": 316
        },
        "decoder": {
            "Compiled": "Yes",
            "start_perf": [
                0.3463749885559082,
                0.28263300000000002,
                0.103454,
                376044,
                442952,
                1647758733.7422061,
                17710896105602
            ],
            "child_modules": {},
            "Compiled Times": 1,
            "nMops": 33281,
            "significant_routs": [
                [
                    1,
                    "R_VCSgd_zf0bY_1",
                    9251104,
                    10482,
                    1384
                ],
                [
                    204,
                    "R_VCSgd_zf0bY_cc",
                    9435072,
                    9112,
                    1548
                ],
                [
                    344,
                    "R_VCSgd_zf0bY_158",
                    7218432,
                    8224,
                    1169
                ],
                [
                    345,
                    "R_VCSgd_zf0bY_159",
                    8393886,
                    8453,
                    1426
                ],
                [
                    388,
                    "R_VCSgd_zf0bY_184",
                    6903488,
                    6676,
                    1054
                ]
            ],
            "end_perf": [
                0.45208883285522461,
                0.38647999999999999,
                0.105308,
                376044,
                442952,
                17711233836946,
                42949672961,
                0
            ],
            "nQuads": 7614,
            "nRouts": 523
        },
        "excp_dbg": {
            "Compiled": "Yes",
            "start_perf": [
                0.45213890075683594,
                0.38651999999999997,
                0.105319,
                376044,
                442952,
                1647758733.84797,
                17711233912050
            ],
            "child_modules": {},
            "nMops": 1451,
            "Compiled Times": 1,
            "end_perf": [
                0.46051192283630371,
                0.39406400000000003,
                0.10613400000000001,
                376044,
                442952,
                17711260696802,
                60129542145,
                0
            ],
            "nQuads": 486,
            "nRouts": 55
        },
        "ifu_top": {
            "Compiled": "Yes",
            "start_perf": [
                0.46054983139038086,
                0.394094,
                0.106142,
                376044,
                442952,
                1647758733.8563809,
                17711260778082
            ],
            "child_modules": {},
            "nMops": 3749,
            "Compiled Times": 1,
            "end_perf": [
                0.47924995422363281,
                0.41178300000000001,
                0.10714700000000001,
                376044,
                442952,
                17711320569346,
                85899345921,
                0
            ],
            "nQuads": 1417,
            "nRouts": 128
        },
        "sirv_gnrl_dffr": {
            "Compiled": "Yes",