{
    "Modules": {
        "...MASTER...": {
            "start_perf": [
                0.64233303070068359,
                0.44540400000000002,
                0.36072100000000001,
                374132,
                442952,
                1647402119.292367,
                348601554862917
            ],
            "child_modules": {
                "sim_core_top": 1,
                "excp_dbg": 1,
                "std": 1,
                "sirv_gnrl_dffr": 1
            },
            "end_perf": [
                0.64618611335754395,
                0.445988,
                0.36398999999999998,
                375124,
                442952,
                348601567200261,
                0,
                0
            ],
            "nQuads": 5,
            "nMops": 9,
            "nRouts": 9
        },
        "std": {
            "start_perf": [
                0.64627695083618164,
                0.44603799999999999,
                0.36403099999999999,
                375124,
                442952,
                1647402119.2963109,
                348601567459813
            ],
            "Compiled": "Yes",
            "child_modules": {},
            "Compiled Times": 1,
            "nMops": 528,
            "end_perf": [
                0.6566009521484375,
                0.45634200000000003,
                0.36403099999999999,
                376104,
                442952,
                348601600495590,
                8589934594,
                0
            ],
            "svclass": [
                "$vcs_nba_dyn_obj",
                576,
                35,
                2,
                2,
                0,
                "sigprop$$",
                576,
                35,
                2,
                2,
                0,
                "process",
                2380,
                200,
                8,
                8,
                0,
                "event",
                597,
                34,
                2,
                2,
                0,
                "mailbox",
                1769,
                140,
                9,
                9,
                0,
                "semaphore",
                1119,
                84,
                5,
                5,
                0
            ],
            "nQuads": 218,
            "nRouts": 33
        },
        "excp_dbg": {
            "Compiled": "Yes",
            "start_perf": [
                0.91223502159118652,
                0.71189899999999995,
                0.36403099999999999,
                376108,
                442952,
                1647402119.562269,
                348602416924790
            ],
            "child_modules": {},
            "nMops": 1451,
            "Compiled Times": 1,
            "end_perf": [
                0.92608308792114258,
                0.72572199999999998,
                0.36403099999999999,
                376108,
                442952,
                348602461219798,
                60129542145,
                0
            ],
            "nQuads": 486,
            "nRouts": 55
        },
        "csr": {
            "significant_routs": [
                [
                    75,
                    "R_VCSgd_cNThd_4b",
                    28936128,
                    322,
                    54
                ],
                [
                    78,
                    "R_VCSgd_cNThd_4e",
                    10405840,
                    370,
                    43
                ]
            ],
            "start_perf": [
                0.6566619873046875,
                0.456403,
                0.36403099999999999,
                376104,
                442952,
                1647402119.3066959,
                348601600620454
            ],
            "Compiled": "Yes",
            "child_modules": {},
            "Compiled Times": 1,
            "nMops": 9637,
            "end_perf": [
                0.73266816139221191,
                0.53240900000000002,
                0.36403099999999999,
                376108,
                442952,
                348601843468278,
                34359738369,
                0
            ],
            "nQuads": 2865,
            "nRouts": 316
        },
        "decoder": {
            "significant_routs": [
                [
                    1,
                    "R_VCSgd_zf0bY_1",
                    16054048,
                    10482,
                    1384
                ],
                [
                    204,
                    "R_VCSgd_zf0bY_cc",
                    15318944,
                    9112,
                    1548
                ],
                [
                    344,
                    "R_VCSgd_zf0bY_158",
                    11727840,
                    8224,
                    1169
                ],
                [
                    345,
                    "R_VCSgd_zf0bY_159",
                    12924352,
                    8453,
                    1426
                ],
                [
                    388,
                    "R_VCSgd_zf0bY_184",
                    11638096,
                    6676,
                    1054
                ]
            ],
            "start_perf": [
                0.73273706436157227,
                0.53247800000000001,
                0.36403099999999999,
                376108,
                442952,
                1647402119.382771,
                348601843606774
            ],
            "Compiled": "Yes",
            "child_modules": {},
            "Compiled Times": 1,
            "nMops": 33281,
            "end_perf": [
                0.91216015815734863,
                0.71182199999999995,
                0.36403099999999999,
                376108,
                442952,
                348602416774230,
                42949672961,
                0
            ],
            "nQuads": 7614,
            "nRouts": 523
        },
        "sirv_gnrl_dffr": {
            "Compiled": "Yes",
            "start_perf": [
                0.97789502143859863,
                0.77749599999999996,
                0.36403099999999999,
                376108,
                442952,
                1647402119.627929,
                348602627013718
            ],
            "child_modules": {},
            "nMops": 183,
            "Compiled Times": 1,
            "end_perf": [
                0.98326516151428223,
                0.782802,
                0.36403099999999999,
                376108,
                442952,
                348602643889462,
                146028888065,
                0
            ],
            "nQuads": 84,
            "nRouts": 18
        },
        "ifu_top": {
            "Compiled": "Yes",
            "start_perf": [
                0.92614197731018066,
                0.72578200000000004,
                0.36403099999999999,
                376108,
                442952,
                1647402119.5761759,
                348602461343670
            ],
            "child_modules": {},
            "nMops": 4513,
            "Compiled Times": 1,
            "end_perf": [
                0.96515893936157227,
                0.76478100000000004,
                0.36403099999999999,
                376108,
                442952,
                348602586098486,
                85899345921,
                0
            ],
            "nQuads": 1366,
            "nRouts": 141
        },
        "multi_counter": {
            "Compiled": "Yes",
            "start_perf": [
                0.96524214744567871,
                0.76486500000000002,
                0.36403099999999999,
                376108,
                442952,
                1647402119.6152761,
                348602586258358
            ],
            "child_modules": {},
            "nMops": 777,
            "Compiled Times": 1,