{
    "reusePaths": {},
    "Modules": {
        "wbck": {
            "start_perf": [
                0.51646709442138672,
                0.45732899999999999,
                0.098049999999999998,
                375972,
                442956,
                1644989415.828083,
                325846089505362
            ],
            "child_modules": {},
            "nMops": 363,
            "Compiled": "Yes",
            "Compiled Times": 1,
            "nQuads": 89,
            "end_perf": [
                0.51952695846557617,
                0.46037699999999998,
                0.098049999999999998,
                375972,
                442956,
                325846099298546,
                150323855361,
                0
            ],
            "nRouts": 14
        },
        "...MASTER...": {
            "start_perf": [
                0.30748510360717773,
                0.25702799999999998,
                0.090166999999999997,
                373996,
                442956,
                1644989415.619101,
                325845424358818
            ],
            "child_modules": {
                "sim_core_top": 1,
                "excp_dbg": 1,
                "std": 1
            },
            "nQuads": 4,
            "end_perf": [
                0.31053304672241211,
                0.25904700000000003,
                0.091184000000000001,
                374988,
                442956,
                325845434078882,
                0,
                0
            ],
            "nMops": 7,
            "nRouts": 8
        },
        "commit": {
            "start_perf": [
                0.31807804107666016,
                0.26545299999999999,
                0.092286000000000007,
                375968,
                442956,
                1644989415.629694,
                325845458063713
            ],
            "child_modules": {},
            "nMops": 5034,
            "Compiled": "Yes",
            "Compiled Times": 1,
            "nQuads": 1416,
            "end_perf": [
                0.3448491096496582,
                0.29038000000000003,
                0.094036999999999996,
                375972,
                442956,
                325845543369170,
                25769803777,
                0
            ],
            "nRouts": 200
        },
        "std": {
            "start_perf": [
                0.31060314178466797,
                0.25909900000000002,
                0.091203000000000006,
                374988,
                442956,
                1644989415.6222191,
                325845434278882
            ],
            "child_modules": {},
            "Compiled": "Yes",
            "nMops": 528,
            "Compiled Times": 1,
            "nQuads": 218,
            "end_perf": [
                0.31802916526794434,
                0.26541599999999999,
                0.092272999999999994,
                375968,
                442956,
                325845457969921,
                8589934594,
                0
            ],
            "svclass": [
                "$vcs_nba_dyn_obj",
                576,
                35,
                2,
                2,
                0,
                "sigprop$$",
                576,
                35,
                2,
                2,
                0,
                "process",
                2380,
                200,
                8,
                8,
                0,
                "event",
                597,
                34,
                2,
                2,
                0,
                "mailbox",
                1769,
                140,
                9,
                9,
                0,
                "semaphore",
                1119,
                84,
                5,
                5,
                0
            ],
            "nRouts": 33
        },
        "sim_core_top": {
            "start_perf": [
                0.51956915855407715,
                0.46041900000000002,
                0.098049999999999998,
                375972,
                442956,
                1644989415.8311851,
                325846099377394
            ],
            "significant_routs": [
                [
                    1,
                    "R_VCSgd_Jm6Rb_1",
                    9589552,
                    8680,
                    1202
                ],
                [
                    608,
                    "R_VCSgd_Jm6Rb_260",
                    4819200,
                    6087,
                    994
                ],
                [
                    970,
                    "R_VCSgd_Jm6Rb_3ca",
                    4755872,
                    5988,
                    974
                ]
            ],
            "child_modules": {
                "ifu_top": 1,
                "wbck": 1,
                "commit": 1,
                "multi_counter": 1,
                "decoder": 1
            },
            "Compiled": "Yes",
            "nMops": 36072,
            "Compiled Times": 1,
            "nQuads": 10919,
            "end_perf": [
                0.65936017036437988,
                0.59619200000000006,
                0.101566,
                375972,
                442956,
                325846544399122,
                154618822657,
                0
            ],
            "nRouts": 1211
        },
        "decoder": {
            "start_perf": [
                0.34491109848022461,
                0.29042699999999999,
                0.094051999999999997,
                375972,
                442956,
                1644989415.656527,
                325845543471090
            ],
            "significant_routs": [
                [
                    1,
                    "R_VCSgd_zf0bY_1",
                    10376448,
                    10482,
                    1384
                ],
                [
                    204,
                    "R_VCSgd_zf0bY_cc",
                    10013792,
                    9112,
                    1548
                ],
                [
                    344,
                    "R_VCSgd_zf0bY_158",
                    7503072,
                    8224,
                    1169
                ],
                [
                    345,
                    "R_VCSgd_zf0bY_159",
                    7887616,
                    8453,
                    1426
                ],
                [
                    388,
                    "R_VCSgd_zf0bY_184",
                    6820096,
                    6676,
                    1054
                ]
            ],
            "child_modules": {},
            "Compiled": "Yes",
            "nMops": 33282,
            "Compiled Times": 1,
            "nQuads": 7613,
            "end_perf": [
                0.47331094741821289,
                0.41505799999999998,
                0.097359000000000001,
                375972,
                442956,
                325845952221618,
                42949672961,
                0
            ],
            "nRouts": 523
        },
        "excp_dbg": {
            "start_perf": [
                0.47336411476135254,
                0.415101,
                0.097368999999999997,
                375972,
                442956,
                1644989415.7849801,
                325845952314834
            ],
            "child_modules": {},
            "nMops": 1451,
            "Compiled": "Yes",
            "Compiled Times": 1,
            "nQuads": 486,
            "end_perf": [
                0.48229408264160156,
                0.423985,
                0.097368999999999997,
                375972,
                442956,
                325845981307090,
                60129542145,
                0
            ],
            "nRouts": 55
        },