{
    "Modules": {
        "...MASTER...": {
            "start_perf": [
                0.68830299377441406,
                0.40107999999999999,
                0.45225300000000002,
                373980,
                442952,
                1647399060.4338,
                338831543191221
            ],
            "child_modules": {
                "sim_core_top": 1,
                "excp_dbg": 1,
                "std": 1,
                "sirv_gnrl_dffr": 1
            },
            "end_perf": [
                0.69251203536987305,
                0.403225,
                0.454318,
                374968,
                442952,
                338831556660725,
                0,
                0
            ],
            "nMops": 9,
            "nQuads": 5,
            "nRouts": 9
        },
        "csr": {
            "start_perf": [
                0.70253992080688477,
                0.41108,
                0.456451,
                375952,
                442952,
                1647399060.4480369,
                338831588654645
            ],
            "child_modules": {},
            "Compiled": "Yes",
            "Compiled Times": 1,
            "end_perf": [
                0.76671791076660156,
                0.47525699999999999,
                0.456451,
                375956,
                442952,
                338831793735367,
                34359738369,
                0
            ],
            "nMops": 9637,
            "nQuads": 2865,
            "nRouts": 316
        },
        "std": {
            "start_perf": [
                0.69260096549987793,
                0.40326699999999999,
                0.45436500000000002,
                374968,
                442952,
                1647399060.438098,
                338831556918517
            ],
            "child_modules": {},
            "Compiled": "Yes",
            "Compiled Times": 1,
            "svclass": [
                "$vcs_nba_dyn_obj",
                576,
                35,
                2,
                2,
                0,
                "sigprop$$",
                576,
                35,
                2,
                2,
                0,
                "process",
                2380,
                200,
                8,
                8,
                0,
                "event",
                597,
                34,
                2,
                2,
                0,
                "mailbox",
                1769,
                140,
                9,
                9,
                0,
                "semaphore",
                1119,
                84,
                5,
                5,
                0
            ],
            "end_perf": [
                0.70248293876647949,
                0.411053,
                0.45641999999999999,
                375952,
                442952,
                338831588532277,
                8589934594,
                0
            ],
            "nMops": 528,
            "nQuads": 218,
            "nRouts": 33
        },
        "excp_dbg": {
            "start_perf": [
                0.94467806816101074,
                0.6532,
                0.456451,
                375956,
                442952,
                1647399060.6901751,
                338832362041511
            ],
            "child_modules": {},
            "Compiled": "Yes",
            "Compiled Times": 1,
            "end_perf": [
                0.95880007743835449,
                0.66730199999999995,
                0.456451,
                375956,
                442952,
                338832407223463,
                60129542145,
                0
            ],
            "nMops": 1451,
            "nQuads": 486,
            "nRouts": 55
        },
        "wbck": {
            "start_perf": [
                1.0125720500946045,
                0.72102599999999994,
                0.456451,
                375956,
                442952,
                1647399060.758069,
                338832578920423
            ],
            "child_modules": {},
            "Compiled": "Yes",
            "Compiled Times": 1,
            "end_perf": [
                1.0183479785919189,
                0.72680100000000003,
                0.456451,
                375956,
                442952,
                338832597424615,
                150323855361,
                0
            ],
            "nMops": 362,
            "nQuads": 89,
            "nRouts": 14
        },
        "decoder": {
            "start_perf": [
                0.7667849063873291,
                0.475325,
                0.456451,
                375956,
                442952,
                1647399060.5122819,
                338831794057927
            ],
            "child_modules": {},
            "Compiled": "Yes",
            "Compiled Times": 1,
            "significant_routs": [
                [
                    1,
                    "R_VCSgd_zf0bY_1",
                    16408576,
                    10482,
                    1384
                ],
                [
                    204,
                    "R_VCSgd_zf0bY_cc",
                    14991456,
                    9112,
                    1548
                ],
                [
                    344,
                    "R_VCSgd_zf0bY_158",
                    11821696,
                    8224,
                    1169
                ],
                [
                    345,
                    "R_VCSgd_zf0bY_159",
                    12619136,
                    8453,
                    1426
                ],
                [
                    388,
                    "R_VCSgd_zf0bY_184",
                    10815840,
                    6676,
                    1054
                ]
            ],
            "nMops": 33281,
            "nQuads": 7614,
            "end_perf": [
                0.94460892677307129,
                0.65313100000000002,
                0.456451,
                375956,
                442952,
                338832361907623,
                42949672961,
                0
            ],
            "nRouts": 523
        },
        "ifu_top": {
            "start_perf": [
                0.95886397361755371,
                0.66736600000000001,
                0.456451,
                375956,
                442952,
                1647399060.704361,
                338832407358567
            ],
            "child_modules": {},
            "Compiled": "Yes",
            "Compiled Times": 1,
            "end_perf": [
                0.99911904335021973,
                0.70761300000000005,
                0.456451,
                375956,
                442952,
                338832536021383,
                85899345921,
                0
            ],
            "nMops": 4993,
            "nQuads": 1562,
            "nRouts": 141
        },
        "sirv_gnrl_dffr": {
            "start_perf": [
                1.0078029632568359,
                0.71628000000000003,
                0.456451,
                375956,
                442952,
                1647399060.7533,
                338832563665831
            ],
            "child_modules": {},
            "Compiled": "Yes",
            "Compiled Times": 1,
            "end_perf": [
                1.0124959945678711,
                0.72094899999999995,
                0.456451,
                375956,
                442952,
                338832578762407,
                146028888065,
                0
            ],
            "nMops": 183,
            "nQuads": 84,
            "nRouts": 18
        },
        "multi_counter": {
            "start_perf": [
                0.99918603897094727,
                0.707681,
                0.456451,
                375956,
                442952,
                1647399060.744683,
                338832536141671
            ],