{
    "Modules": {
        "...MASTER...": {
            "nMops": 11,
            "start_perf": [
                0.25353789329528809,
                0.23812800000000001,
                0.083831000000000003,
                374224,
                444820,
                1645693285.4669039,
                78752056718782
            ],
            "nQuads": 6,
            "end_perf": [
                0.25580787658691406,
                0.23812800000000001,
                0.086352999999999999,
                375216,
                444820,
                78752064798590,
                0,
                0
            ],
            "child_modules": {
                "dff_chain": 1,
                "sim_core_top": 1,
                "std": 1,
                "excp_dbg": 1
            },
            "nRouts": 10
        },
        "dff_chain": {
            "nMops": 290,
            "start_perf": [
                0.39740896224975586,
                0.38980399999999998,
                0.091920000000000002,
                376200,
                444820,
                1645693285.610775,
                78752567294301
            ],
            "nQuads": 178,
            "end_perf": [
                0.40079689025878906,
                0.39261499999999999,
                0.092864000000000002,
                376200,
                444820,
                78752579382750,
                158913789953,
                0
            ],
            "Compiled": "Yes",
            "child_modules": {},
            "Compiled Times": 1,
            "nRouts": 33
        },
        "std": {
            "nMops": 528,
            "start_perf": [
                0.25586199760437012,
                0.23812800000000001,
                0.086414000000000005,
                375216,
                444820,
                1645693285.469228,
                78752064967358
            ],
            "child_modules": {},
            "Compiled": "Yes",
            "end_perf": [
                0.26183104515075684,
                0.241733,
                0.089441000000000007,
                376196,
                444820,
                78752086166108,
                8589934594,
                0
            ],
            "nQuads": 218,
            "Compiled Times": 1,
            "svclass": [
                "$vcs_nba_dyn_obj",
                576,
                35,
                2,
                2,
                0,
                "sigprop$$",
                576,
                35,
                2,
                2,
                0,
                "process",
                2380,
                200,
                8,
                8,
                0,
                "event",
                597,
                34,
                2,
                2,
                0,
                "mailbox",
                1769,
                140,
                9,
                9,
                0,
                "semaphore",
                1119,
                84,
                5,
                5,
                0
            ],
            "nRouts": 33
        },
        "excp_dbg": {
            "nMops": 1451,
            "start_perf": [
                0.35684800148010254,
                0.345584,
                0.091130000000000003,
                376200,
                444820,
                1645693285.570214,
                78752423349534
            ],
            "nQuads": 486,
            "end_perf": [
                0.36456894874572754,
                0.35410199999999997,
                0.091189999999999993,
                376200,
                444820,
                78752450789022,
                60129542145,
                0
            ],
            "Compiled": "Yes",
            "child_modules": {},
            "Compiled Times": 1,
            "nRouts": 55
        },
        "decoder": {
            "significant_routs": [
                [
                    1,
                    "R_VCSgd_zf0bY_1",
                    10096736,
                    10482,
                    1384
                ],
                [
                    204,
                    "R_VCSgd_zf0bY_cc",
                    9286944,
                    9112,
                    1548
                ],
                [
                    344,
                    "R_VCSgd_zf0bY_158",
                    6975840,
                    8224,
                    1169
                ],
                [
                    345,
                    "R_VCSgd_zf0bY_159",
                    7750080,
                    8453,
                    1426
                ],
                [
                    388,
                    "R_VCSgd_zf0bY_184",
                    6391552,
                    6676,
                    1054
                ]
            ],
            "nMops": 33281,
            "start_perf": [
                0.26185989379882812,
                0.241756,
                0.089450000000000002,
                376196,
                444820,
                1645693285.4752259,
                78752086245436
            ],
            "child_modules": {},
            "Compiled": "Yes",
            "end_perf": [
                0.35679292678833008,
                0.34553499999999998,
                0.091117000000000004,
                376200,
                444820,
                78752423254494,
                42949672961,
                0
            ],
            "nQuads": 7614,
            "Compiled Times": 1,
            "nRouts": 523
        },
        "multi_counter": {
            "nMops": 777,
            "start_perf": [
                0.38861203193664551,
                0.38018600000000002,
                0.091809000000000002,
                376200,
                444820,
                1645693285.6019781,
                78752536075582
            ],
            "nQuads": 237,
            "end_perf": [
                0.3944239616394043,
                0.38649699999999998,
                0.091910000000000006,
                376200,
                444820,
                78752556783229,
                111669149697,
                0
            ],
            "Compiled": "Yes",
            "child_modules": {},
            "Compiled Times": 1,
            "nRouts": 29
        },
        "ifu_top": {
            "nMops": 5554,
            "start_perf": [
                0.36460185050964355,
                0.354132,
                0.091198000000000001,
                376200,
                444820,
                1645693285.5779679,
                78752450868382
            ],
            "nQuads": 1762,
            "end_perf": [
                0.38855195045471191,
                0.380131,
                0.091796000000000003,
                376200,
                444820,
                78752535977758,
                85899345921,
                0
            ],
            "Compiled": "Yes",
            "child_modules": {},
            "Compiled Times": 1,
            "nRouts": 165
        },
        "wbck": {
            "nMops": 362,
            "start_perf": [
                0.39446806907653809,
                0.38653599999999999,
                0.091920000000000002,
                376200,
                444820,
                1645693285.6078341,
                78752556856317
            ],
            "nQuads": 89,
            "end_perf": [
                0.39736199378967285,
                0.38975100000000001,
                0.091920000000000002,
                376200,
                444820,
                78752567220285,
                150323855361,
                0
            ],
            "Compiled": "Yes",
            "child_modules": {},
            "Compiled Times": 1,
            "nRouts": 14
        },