{
    "Modules": {
        "...MASTER...": {
            "nRouts": 9,
            "start_perf": [
                0.28944897651672363,
                0.22706499999999999,
                0.103522,
                374092,
                444832,
                1647692204.6760969,
                62020348400309
            ],
            "child_modules": {
                "sim_core_top": 1,
                "sirv_gnrl_dffr": 1,
                "excp_dbg": 1,
                "std": 1
            },
            "nQuads": 5,
            "end_perf": [
                0.29187607765197754,
                0.22706499999999999,
                0.10595,
                375084,
                444832,
                62020356174581,
                0,
                0
            ],
            "nMops": 9
        },
        "std": {
            "nRouts": 33,
            "Compiled Times": 1,
            "start_perf": [
                0.29193806648254395,
                0.22706499999999999,
                0.106012,
                375084,
                444832,
                1647692204.678586,
                62020356352885
            ],
            "child_modules": {},
            "Compiled": "Yes",
            "nMops": 528,
            "nQuads": 218,
            "end_perf": [
                0.29822516441345215,
                0.23191600000000001,
                0.107447,
                376064,
                444832,
                62020376459702,
                8589934594,
                0
            ],
            "svclass": [
                "$vcs_nba_dyn_obj",
                576,
                35,
                2,
                2,
                0,
                "sigprop$$",
                576,
                35,
                2,
                2,
                0,
                "process",
                2380,
                200,
                8,
                8,
                0,
                "event",
                597,
                34,
                2,
                2,
                0,
                "mailbox",
                1769,
                140,
                9,
                9,
                0,
                "semaphore",
                1119,
                84,
                5,
                5,
                0
            ]
        },
        "csr": {
            "nRouts": 316,
            "Compiled Times": 1,
            "start_perf": [
                0.29825997352600098,
                0.23194000000000001,
                0.107458,
                376064,
                444832,
                1647692204.6849079,
                62020376535990
            ],
            "child_modules": {},
            "nMops": 9637,
            "Compiled": "Yes",
            "nQuads": 2865,
            "end_perf": [
                0.33517909049987793,
                0.268486,
                0.107817,
                376068,
                444832,
                62020494537798,
                34359738369,
                0
            ]
        },
        "sirv_gnrl_dffr": {
            "nRouts": 18,
            "Compiled Times": 1,
            "start_perf": [
                0.47403216361999512,
                0.40639900000000001,
                0.10872,
                376068,
                444832,
                1647692204.8606801,
                62020937957926
            ],
            "child_modules": {},
            "nMops": 183,
            "Compiled": "Yes",
            "nQuads": 84,
            "end_perf": [
                0.47729301452636719,
                0.40804099999999999,
                0.110337,
                376068,
                444832,
                62020948441958,
                146028888065,
                0
            ]
        },
        "decoder": {
            "nRouts": 523,
            "Compiled Times": 1,
            "start_perf": [
                0.33522796630859375,
                0.26852100000000001,
                0.107831,
                376068,
                444832,
                1647692204.7218759,
                62020494613126
            ],
            "significant_routs": [
                [
                    1,
                    "R_VCSgd_zf0bY_1",
                    9818560,
                    10482,
                    1384
                ],
                [
                    123,
                    "R_VCSgd_zf0bY_7b",
                    4475456,
                    3769,
                    528
                ],
                [
                    204,
                    "R_VCSgd_zf0bY_cc",
                    9762656,
                    9112,
                    1548
                ],
                [
                    344,
                    "R_VCSgd_zf0bY_158",
                    7033472,
                    8224,
                    1169
                ],
                [
                    345,
                    "R_VCSgd_zf0bY_159",
                    7724032,
                    8453,
                    1426
                ],
                [
                    388,
                    "R_VCSgd_zf0bY_184",
                    6446144,
                    6676,
                    1054
                ]
            ],
            "child_modules": {},
            "Compiled": "Yes",
            "nMops": 33281,
            "nQuads": 7614,
            "end_perf": [
                0.44076013565063477,
                0.37316300000000002,
                0.108708,
                376068,
                444832,
                62020831768806,
                42949672961,
                0
            ]
        },
        "excp_dbg": {
            "nRouts": 55,
            "Compiled Times": 1,
            "start_perf": [
                0.44081306457519531,
                0.37320500000000001,
                0.10872,
                376068,
                444832,
                1647692204.827461,
                62020831854726
            ],
            "child_modules": {},
            "nMops": 1451,
            "Compiled": "Yes",
            "nQuads": 486,
            "end_perf": [
                0.44926595687866211,
                0.38165199999999999,
                0.10872,
                376068,
                444832,
                62020858915302,
                60129542145,
                0
            ]
        },
        "multi_counter": {
            "nRouts": 29,
            "Compiled Times": 1,
            "start_perf": [
                0.46826815605163574,
                0.40065000000000001,
                0.10872,
                376068,
                444832,
                1647692204.8549161,
                62020919546790
            ],
            "child_modules": {},
            "nMops": 777,
            "Compiled": "Yes",
            "nQuads": 237,
            "end_perf": [
                0.47397112846374512,
                0.40633599999999997,
                0.10872,
                376068,
                444832,
                62020937869766,
                111669149697,
                0
            ]
        },
        "ifu_top": {
            "nRouts": 128,
            "Compiled Times": 1,
            "start_perf": [
                0.44930815696716309,
                0.38169399999999998,
                0.10872,
                376068,
                444832,
                1647692204.8359561,
                62020858988006
            ],
            "child_modules": {},
            "nMops": 3739,
            "Compiled": "Yes",
            "nQuads": 1417,
            "end_perf": [
                0.46821999549865723,
                0.40060099999999998,
                0.10872,
                376068,
                444832,
                62020919462982,
                85899345921,
                0
            ]
        },
        "wbck": {
            "nRouts": 14,
            "Compiled Times": 1,