{
    "Modules": {
        "...MASTER...": {
            "start_perf": [
                0.27188992500305176,
                0.24248,
                0.094626000000000002,
                374204,
                442952,
                1645862429.1498129,
                55680032497991
            ],
            "nRouts": 10,
            "nMops": 11,
            "end_perf": [
                0.27474808692932129,
                0.243396,
                0.096884999999999999,
                375196,
                442952,
                55680042675079,
                0,
                0
            ],
            "child_modules": {
                "excp_dbg": 1,
                "sim_core_top": 1,
                "dff_chain": 1,
                "std": 1
            },
            "nQuads": 6
        },
        "std": {
            "start_perf": [
                0.27480888366699219,
                0.24344399999999999,
                0.096905000000000005,
                375196,
                442952,
                1645862429.1527319,
                55680042857735
            ],
            "nRouts": 33,
            "nMops": 528,
            "child_modules": {},
            "end_perf": [
                0.28087210655212402,
                0.24785799999999999,
                0.099142999999999995,
                376176,
                442952,
                55680064434439,
                8589934594,
                0
            ],
            "Compiled Times": 1,
            "Compiled": "Yes",
            "svclass": [
                "$vcs_nba_dyn_obj",
                576,
                35,
                2,
                2,
                0,
                "sigprop$$",
                576,
                35,
                2,
                2,
                0,
                "process",
                2380,
                200,
                8,
                8,
                0,
                "event",
                597,
                34,
                2,
                2,
                0,
                "mailbox",
                1769,
                140,
                9,
                9,
                0,
                "semaphore",
                1119,
                84,
                5,
                5,
                0
            ],
            "nQuads": 218
        },
        "decoder": {
            "start_perf": [
                0.2809140682220459,
                0.247893,
                0.099156999999999995,
                376176,
                442952,
                1645862429.1588371,
                55680064518215
            ],
            "nRouts": 523,
            "nMops": 33281,
            "child_modules": {},
            "end_perf": [
                0.38367891311645508,
                0.36131799999999997,
                0.099914000000000003,
                376180,
                442952,
                55680429312039,
                42949672961,
                0
            ],
            "Compiled Times": 1,
            "Compiled": "Yes",
            "significant_routs": [
                [
                    1,
                    "R_VCSgd_zf0bY_1",
                    9680928,
                    10482,
                    1384
                ],
                [
                    123,
                    "R_VCSgd_zf0bY_7b",
                    5387984,
                    3769,
                    528
                ],
                [
                    204,
                    "R_VCSgd_zf0bY_cc",
                    9355136,
                    9112,
                    1548
                ],
                [
                    344,
                    "R_VCSgd_zf0bY_158",
                    6943392,
                    8224,
                    1169
                ],
                [
                    345,
                    "R_VCSgd_zf0bY_159",
                    7765696,
                    8453,
                    1426
                ],
                [
                    388,
                    "R_VCSgd_zf0bY_184",
                    6704384,
                    6676,
                    1054
                ]
            ],
            "nQuads": 7614
        },
        "wbck": {
            "start_perf": [
                0.41998791694641113,
                0.39728799999999997,
                0.104244,
                376180,
                442952,
                1645862429.2979109,
                55680558075383
            ],
            "nRouts": 14,
            "nMops": 362,
            "end_perf": [
                0.42264389991760254,
                0.40023900000000001,
                0.104244,
                376180,
                442952,
                55680567558039,
                150323855361,
                0
            ],
            "child_modules": {},
            "Compiled Times": 1,
            "Compiled": "Yes",
            "nQuads": 89
        },
        "sim_core_top": {
            "start_perf": [
                0.42564487457275391,
                0.40253800000000001,
                0.10526099999999999,
                376180,
                442952,
                1645862429.3035679,
                55680578151271
            ],
            "nRouts": 1351,
            "nMops": 40141,
            "child_modules": {
                "ifu_top": 1,
                "wbck": 1,
                "decoder": 1,
                "multi_counter": 1
            },
            "end_perf": [
                0.55909609794616699,
                0.54805099999999995,
                0.108001,
                376180,
                442952,
                55681051826151,
                163208757249,
                0
            ],
            "Compiled Times": 1,
            "Compiled": "Yes",
            "significant_routs": [
                [
                    1,
                    "R_VCSgd_Jm6Rb_1",
                    11276928,
                    10189,
                    1402
                ],
                [
                    601,
                    "R_VCSgd_Jm6Rb_259",
                    4590496,
                    6087,
                    994
                ],
                [
                    1063,
                    "R_VCSgd_Jm6Rb_427",
                    4693760,
                    5988,
                    974
                ]
            ],
            "nQuads": 12353
        },
        "excp_dbg": {
            "start_perf": [
                0.38372588157653809,
                0.36136000000000001,
                0.099925,
                376180,
                442952,
                1645862429.2616489,
                55680429389479
            ],
            "nRouts": 55,
            "nMops": 1451,
            "end_perf": [
                0.39138293266296387,
                0.36886200000000002,
                0.100915,
                376180,
                442952,
                55680456605511,
                60129542145,
                0
            ],
            "child_modules": {},
            "Compiled Times": 1,
            "Compiled": "Yes",
            "nQuads": 486
        },
        "multi_counter": {
            "start_perf": [
                0.41485309600830078,
                0.39388200000000001,
                0.10194599999999999,
                376180,
                442952,
                1645862429.2927761,
                55680539852887
            ],
            "nRouts": 29,
            "nMops": 777,
            "end_perf": [
                0.41994500160217285,
                0.39724999999999999,
                0.10423399999999999,
                376180,
                442952,
                55680557997943,
                111669149697,
                0
            ],
            "child_modules": {},
            "Compiled Times": 1,
            "Compiled": "Yes",
            "nQuads": 237
        },