{
    "reusePaths": {},
    "Modules": {
        "std": {
            "start_perf": [
                0.94948482513427734,
                0.264069,
                0.83871700000000005,
                375196,
                442952,
                1645707058.4447279,
                5289191615379
            ],
            "child_modules": {},
            "Compiled": "Yes",
            "Compiled Times": 1,
            "svclass": [
                "$vcs_nba_dyn_obj",
                576,
                35,
                2,
                2,
                0,
                "sigprop$$",
                576,
                35,
                2,
                2,
                0,
                "process",
                2380,
                200,
                8,
                8,
                0,
                "event",
                597,
                34,
                2,
                2,
                0,
                "mailbox",
                1769,
                140,
                9,
                9,
                0,
                "semaphore",
                1119,
                84,
                5,
                5,
                0
            ],
            "end_perf": [
                0.95758390426635742,
                0.27156000000000002,
                0.83927099999999999,
                376176,
                442952,
                5289217379083,
                8589934594,
                0
            ],
            "nQuads": 218,
            "nRouts": 33,
            "nMops": 528
        },
        "ifu_top": {
            "start_perf": [
                1.0736620426177979,
                0.38696799999999998,
                0.83930499999999997,
                376180,
                442952,
                1645707058.5689051,
                5289586096098
            ],
            "child_modules": {},
            "Compiled": "Yes",
            "Compiled Times": 1,
            "end_perf": [
                1.1011519432067871,
                0.41149799999999997,
                0.842086,
                376180,
                442952,
                5289673510882,
                85899345921,
                0
            ],
            "nQuads": 1762,
            "nRouts": 165,
            "nMops": 5554
        },
        "...MASTER...": {
            "start_perf": [
                0.94429588317871094,
                0.25938,
                0.83871700000000005,
                374204,
                442952,
                1645707058.439539,
                5289175133459
            ],
            "child_modules": {
                "sim_core_top": 1,
                "excp_dbg": 1,
                "dff_chain": 1,
                "std": 1
            },
            "end_perf": [
                0.94938492774963379,
                0.26396999999999998,
                0.83871700000000005,
                375196,
                442952,
                5289191328979,
                0,
                0
            ],
            "nQuads": 6,
            "nRouts": 10,
            "nMops": 11
        },
        "decoder": {
            "start_perf": [
                0.95762801170349121,
                0.27157100000000001,
                0.83930499999999997,
                376176,
                442952,
                1645707058.4528711,
                5289217472267
            ],
            "child_modules": {},
            "Compiled": "Yes",
            "Compiled Times": 1,
            "end_perf": [
                1.0646569728851318,
                0.37802400000000003,
                0.83930499999999997,
                376180,
                442952,
                5289557563810,
                42949672961,
                0
            ],
            "nQuads": 7614,
            "nRouts": 523,
            "nMops": 33281
        },
        "excp_dbg": {
            "start_perf": [
                1.0647058486938477,
                0.37807299999999999,
                0.83930499999999997,
                376180,
                442952,
                1645707058.5599489,
                5289557639042
            ],
            "child_modules": {},
            "Compiled": "Yes",
            "Compiled Times": 1,
            "end_perf": [
                1.0736279487609863,
                0.38693300000000003,
                0.83930499999999997,
                376180,
                442952,
                5289586019010,
                60129542145,
                0
            ],
            "nQuads": 486,
            "nRouts": 55,
            "nMops": 1451
        },
        "dff_chain": {
            "start_perf": [
                1.1097879409790039,
                0.41880600000000001,
                0.84335199999999999,
                376180,
                442952,
                1645707058.605031,
                5289700859522
            ],
            "child_modules": {},
            "Compiled": "Yes",
            "Compiled Times": 1,
            "end_perf": [
                1.1134238243103027,
                0.42240499999999997,
                0.84335199999999999,
                376180,
                442952,
                5289712472930,
                158913789953,
                0
            ],
            "nQuads": 178,
            "nRouts": 33,
            "nMops": 290
        },
        "wbck": {
            "start_perf": [
                1.1068069934844971,
                0.41584100000000002,
                0.84335199999999999,
                376180,
                442952,
                1645707058.6020501,
                5289691389538
            ],
            "child_modules": {},
            "Compiled": "Yes",
            "Compiled Times": 1,
            "end_perf": [
                1.1097538471221924,
                0.418771,
                0.84335199999999999,
                376180,
                442952,
                5289700788770,
                150323855361,
                0
            ],
            "nQuads": 89,
            "nRouts": 14,
            "nMops": 362
        },
        "multi_counter": {
            "start_perf": [
                1.1012039184570312,
                0.41151500000000002,
                0.84212100000000001,
                376180,
                442952,
                1645707058.596447,
                5289673589186
            ],
            "child_modules": {},
            "Compiled": "Yes",
            "Compiled Times": 1,
            "end_perf": [
                1.1067650318145752,
                0.415827,
                0.84332399999999996,
                376180,
                442952,
                5289691322434,
                111669149697,
                0
            ],
            "nQuads": 237,
            "nRouts": 29,
            "nMops": 777
        },
        "sim_core_top": {
            "start_perf": [
                1.1134679317474365,
                0.42244900000000002,
                0.84335199999999999,
                376180,
                442952,
                1645707058.608711,
                5289712549794
            ],
            "child_modules": {
                "ifu_top": 1,
                "wbck": 1,
                "multi_counter": 1,
                "decoder": 1
            },
            "Compiled": "Yes",
            "Compiled Times": 1,
            "end_perf": [
                1.2623670101165771,
                0.56787699999999997,
                0.84602100000000002,
                376180,
                442952,
                5290185658707,
                163208757249,
                0
            ],
            "nQuads": 12353,
            "nRouts": 1351,
            "nMops": 40141
        }
    },
    "ObjArchives": [
        {
            "archive": "archive.0/_8529_archive_1.a",
            "size": 1092776,