{
    "Modules": {
        "...MASTER...": {
            "start_perf": [
                0.29428791999816895,
                0.210455,
                0.11558599999999999,
                374024,
                442952,
                1645432880.1035719,
                555221110873093
            ],
            "nRouts": 12,
            "child_modules": {
                "sim_core_top": 1,
                "excp_dbg": 1,
                "std": 1,
                "excp_tmr_irq": 1
            },
            "nMops": 13,
            "end_perf": [
                0.29801797866821289,
                0.210455,
                0.11931600000000001,
                375016,
                442952,
                555221122822709,
                0,
                0
            ],
            "nQuads": 9
        },
        "std": {
            "start_perf": [
                0.29809212684631348,
                0.21049300000000001,
                0.119352,
                375016,
                442952,
                1645432880.1073761,
                555221123034357
            ],
            "nRouts": 33,
            "child_modules": {},
            "Compiled": "Yes",
            "svclass": [
                "$vcs_nba_dyn_obj",
                576,
                35,
                2,
                2,
                0,
                "sigprop$$",
                576,
                35,
                2,
                2,
                0,
                "process",
                2380,
                200,
                8,
                8,
                0,
                "event",
                597,
                34,
                2,
                2,
                0,
                "mailbox",
                1769,
                140,
                9,
                9,
                0,
                "semaphore",
                1119,
                84,
                5,
                5,
                0
            ],
            "nQuads": 218,
            "Compiled Times": 1,
            "nMops": 528,
            "end_perf": [
                0.30478596687316895,
                0.21419099999999999,
                0.12177300000000001,
                375996,
                442952,
                555221144447083,
                8589934594,
                0
            ]
        },
        "commit": {
            "start_perf": [
                0.30483007431030273,
                0.21421999999999999,
                0.12179,
                375996,
                442952,
                1645432880.114114,
                555221144536651
            ],
            "nRouts": 200,
            "child_modules": {},
            "nQuads": 1416,
            "Compiled": "Yes",
            "Compiled Times": 1,
            "nMops": 5034,
            "end_perf": [
                0.32930493354797363,
                0.23707500000000001,
                0.123409,
                376000,
                442952,
                555221222788587,
                25769803777,
                0
            ]
        },
        "decoder": {
            "start_perf": [
                0.32935309410095215,
                0.23710700000000001,
                0.12342599999999999,
                376000,
                442952,
                1645432880.1386371,
                555221222863019
            ],
            "nRouts": 523,
            "child_modules": {},
            "Compiled": "Yes",
            "nQuads": 7613,
            "Compiled Times": 1,
            "significant_routs": [
                [
                    1,
                    "R_VCSgd_zf0bY_1",
                    9692992,
                    10482,
                    1384
                ],
                [
                    204,
                    "R_VCSgd_zf0bY_cc",
                    9411232,
                    9112,
                    1548
                ],
                [
                    344,
                    "R_VCSgd_zf0bY_158",
                    7020064,
                    8224,
                    1169
                ],
                [
                    345,
                    "R_VCSgd_zf0bY_159",
                    7849856,
                    8453,
                    1426
                ],
                [
                    388,
                    "R_VCSgd_zf0bY_184",
                    6395424,
                    6676,
                    1054
                ]
            ],
            "nMops": 33282,
            "end_perf": [
                0.4345710277557373,
                0.34054899999999999,
                0.12518599999999999,
                376000,
                442952,
                555221559011960,
                42949672961,
                0
            ]
        },
        "excp_dbg": {
            "start_perf": [
                0.43462395668029785,
                0.34058899999999998,
                0.12520100000000001,
                376000,
                442952,
                1645432880.2439079,
                555221559097464
            ],
            "nRouts": 55,
            "child_modules": {},
            "nQuads": 486,
            "Compiled": "Yes",
            "Compiled Times": 1,
            "nMops": 1451,
            "end_perf": [
                0.44287610054016113,
                0.348827,
                0.12520100000000001,
                376000,
                442952,
                555221585487480,
                60129542145,
                0
            ]
        },
        "multi_counter": {
            "start_perf": [
                0.46861791610717773,
                0.37403199999999998,
                0.12573400000000001,
                376000,
                442952,
                1645432880.2779019,
                555221667674552
            ],
            "nRouts": 29,
            "child_modules": {},
            "nQuads": 237,
            "Compiled": "Yes",
            "Compiled Times": 1,
            "nMops": 777,
            "end_perf": [
                0.47417593002319336,
                0.37951099999999999,
                0.12579799999999999,
                376000,
                442952,
                555221685483480,
                111669149697,
                0
            ]
        },
        "ifu_top": {
            "start_perf": [
                0.44291090965270996,
                0.34886200000000001,
                0.12520100000000001,
                376000,
                442952,
                1645432880.2521949,
                555221585565816
            ],
            "nRouts": 162,
            "child_modules": {},
            "nQuads": 1756,
            "Compiled": "Yes",
            "Compiled Times": 1,
            "nMops": 5538,
            "end_perf": [
                0.46853899955749512,
                0.37397200000000003,
                0.12571399999999999,
                376000,
                442952,
                555221667584824,
                85899345921,
                0
            ]
        },
        "wbck": {
            "start_perf": [
                0.47421908378601074,
                0.37954300000000002,
                0.125809,
                376000,
                442952,
                1645432880.2835031,
                555221685561304
            ],
            "nRouts": 14,
            "child_modules": {},
            "nQuads": 89,
            "Compiled": "Yes",
            "Compiled Times": 1,
            "nMops": 363,
            "end_perf": [
                0.47696304321289062,
                0.38228699999999999,
                0.125809,
                376000,
                442952,
                555221694356888,
                150323855361,
                0
            ]
        },