{
    "Modules": {
        "csr": {
            "nRouts": 316,
            "child_modules": {},
            "start_perf": [
                0.30039191246032715,
                0.23911099999999999,
                0.106859,
                376032,
                442952,
                1647777218.2037959,
                54017379964050
            ],
            "Compiled Times": 1,
            "Compiled": "Yes",
            "end_perf": [
                0.33825993537902832,
                0.27415299999999998,
                0.10966099999999999,
                376036,
                442952,
                54017500997044,
                34359738369,
                0
            ],
            "nMops": 9637,
            "nQuads": 2865
        },
        "excp_dbg": {
            "nRouts": 55,
            "child_modules": {},
            "start_perf": [
                0.45889401435852051,
                0.38174000000000002,
                0.11160100000000001,
                376036,
                442952,
                1647777218.362298,
                54017886227088
            ],
            "Compiled Times": 1,
            "Compiled": "Yes",
            "end_perf": [
                0.46759700775146484,
                0.389073,
                0.112956,
                376036,
                442952,
                54017914054546,
                60129542145,
                0
            ],
            "nMops": 1451,
            "nQuads": 486
        },
        "multi_counter": {
            "nRouts": 29,
            "child_modules": {},
            "start_perf": [
                0.48748993873596191,
                0.40731299999999998,
                0.114589,
                376036,
                442952,
                1647777218.3908939,
                54017977561012
            ],
            "Compiled Times": 1,
            "Compiled": "Yes",
            "end_perf": [
                0.49245190620422363,
                0.41186099999999998,
                0.114986,
                376036,
                442952,
                54017993434644,
                111669149697,
                0
            ],
            "nMops": 777,
            "nQuads": 237
        },
        "...MASTER...": {
            "nRouts": 9,
            "child_modules": {
                "sim_core_top": 1,
                "excp_dbg": 1,
                "sirv_gnrl_dffr": 1,
                "std": 1
            },
            "start_perf": [
                0.2912900447845459,
                0.234851,
                0.102017,
                374060,
                442952,
                1647777218.194694,
                54017350904368
            ],
            "end_perf": [
                0.29396510124206543,
                0.23555799999999999,
                0.10398499999999999,
                375052,
                442952,
                54017359463024,
                0,
                0
            ],
            "nMops": 9,
            "nQuads": 5
        },
        "std": {
            "start_perf": [
                0.29402589797973633,
                0.235601,
                0.104004,
                375052,
                442952,
                1647777218.1974299,
                54017359639824
            ],
            "child_modules": {},
            "Compiled Times": 1,
            "Compiled": "Yes",
            "end_perf": [
                0.30035901069641113,
                0.23908799999999999,
                0.106849,
                376032,
                442952,
                54017379892050,
                8589934594,
                0
            ],
            "nMops": 528,
            "svclass": [
                "$vcs_nba_dyn_obj",
                576,
                35,
                2,
                2,
                0,
                "sigprop$$",
                576,
                35,
                2,
                2,
                0,
                "process",
                2380,
                200,
                8,
                8,
                0,
                "event",
                597,
                34,
                2,
                2,
                0,
                "mailbox",
                1769,
                140,
                9,
                9,
                0,
                "semaphore",
                1119,
                84,
                5,
                5,
                0
            ],
            "nQuads": 218,
            "nRouts": 33
        },
        "sirv_gnrl_dffr": {
            "nRouts": 18,
            "child_modules": {},
            "start_perf": [
                0.49248290061950684,
                0.411885,
                0.114993,
                376036,
                442952,
                1647777218.3958869,
                54017993505972
            ],
            "Compiled Times": 1,
            "Compiled": "Yes",
            "end_perf": [
                0.49474501609802246,
                0.41306399999999999,
                0.116076,
                376036,
                442952,
                54018000755924,
                146028888065,
                0
            ],
            "nMops": 183,
            "nQuads": 84
        },
        "decoder": {
            "start_perf": [
                0.33831000328063965,
                0.27418900000000002,
                0.10967499999999999,
                376036,
                442952,
                1647777218.241714,
                54017501078836
            ],
            "child_modules": {},
            "Compiled Times": 1,
            "Compiled": "Yes",
            "significant_routs": [
                [
                    1,
                    "R_VCSgd_zf0bY_1",
                    10123552,
                    10482,
                    1384
                ],
                [
                    204,
                    "R_VCSgd_zf0bY_cc",
                    10525216,
                    9112,
                    1548
                ],
                [
                    344,
                    "R_VCSgd_zf0bY_158",
                    7467808,
                    8224,
                    1169
                ],
                [
                    345,
                    "R_VCSgd_zf0bY_159",
                    7990656,
                    8453,
                    1426
                ],
                [
                    388,
                    "R_VCSgd_zf0bY_184",
                    7427296,
                    6676,
                    1054
                ]
            ],
            "end_perf": [
                0.4588470458984375,
                0.38170300000000001,
                0.111591,
                376036,
                442952,
                54017886148464,
                42949672961,
                0
            ],
            "nMops": 33281,
            "nQuads": 7614,
            "nRouts": 523
        },
        "ifu_top": {
            "nRouts": 129,
            "child_modules": {},
            "start_perf": [
                0.46763205528259277,
                0.3891,
                0.11296399999999999,
                376036,
                442952,
                1647777218.3710361,
                54017914131858
            ],
            "Compiled Times": 1,
            "Compiled": "Yes",
            "end_perf": [
                0.48744511604309082,
                0.407277,
                0.114579,
                376036,
                442952,
                54017977482196,
                85899345921,
                0
            ],
            "nMops": 3822,
            "nQuads": 1446
        },
        "wbck": {
            "nRouts": 14,
            "child_modules": {},