{
    "Modules": {
        "...MASTER...": {
            "end_perf": [
                0.27805590629577637,
                0.23986399999999999,
                0.101942,
                375016,
                442952,
                196403918675957,
                0,
                0
            ],
            "start_perf": [
                0.27578091621398926,
                0.237375,
                0.10190299999999999,
                374024,
                442952,
                1646562722.426405,
                196403910586246
            ],
            "nRouts": 9,
            "child_modules": {
                "sim_core_top": 1,
                "std": 1,
                "excp_dbg": 1,
                "sirv_gnrl_dffr": 1
            },
            "nQuads": 5,
            "nMops": 9
        },
        "excp_dbg": {
            "end_perf": [
                0.42624902725219727,
                0.40108899999999997,
                0.105242,
                376000,
                442952,
                196404444627846,
                60129542145,
                0
            ],
            "start_perf": [
                0.41840195655822754,
                0.39341100000000001,
                0.104227,
                376000,
                442952,
                1646562722.569026,
                196404416728037
            ],
            "nRouts": 55,
            "child_modules": {},
            "Compiled": "Yes",
            "nMops": 1451,
            "Compiled Times": 1,
            "nQuads": 486
        },
        "std": {
            "start_perf": [
                0.27811193466186523,
                0.23990800000000001,
                0.101961,
                375016,
                442952,
                1646562722.428736,
                196403918857717
            ],
            "end_perf": [
                0.28377985954284668,
                0.24407499999999999,
                0.104091,
                375996,
                442952,
                196403938990229,
                8589934594,
                0
            ],
            "child_modules": {},
            "Compiled": "Yes",
            "Compiled Times": 1,
            "nMops": 528,
            "svclass": [
                "$vcs_nba_dyn_obj",
                576,
                35,
                2,
                2,
                0,
                "sigprop$$",
                576,
                35,
                2,
                2,
                0,
                "process",
                2380,
                200,
                8,
                8,
                0,
                "event",
                597,
                34,
                2,
                2,
                0,
                "mailbox",
                1769,
                140,
                9,
                9,
                0,
                "semaphore",
                1119,
                84,
                5,
                5,
                0
            ],
            "nQuads": 218,
            "nRouts": 33
        },
        "wbck": {
            "end_perf": [
                0.45928692817687988,
                0.43770100000000001,
                0.105251,
                376000,
                442952,
                196404561952373,
                150323855361,
                0
            ],
            "start_perf": [
                0.45633387565612793,
                0.43441999999999997,
                0.105251,
                376000,
                442952,
                1646562722.6069579,
                196404551344813
            ],
            "nRouts": 14,
            "child_modules": {},
            "Compiled": "Yes",
            "nMops": 362,
            "Compiled Times": 1,
            "nQuads": 89
        },
        "csr": {
            "end_perf": [
                0.31882095336914062,
                0.28295500000000001,
                0.104101,
                376000,
                442952,
                196404063693507,
                34359738369,
                0
            ],
            "start_perf": [
                0.28380990028381348,
                0.24409900000000001,
                0.104101,
                375996,
                442952,
                1646562722.4344339,
                196403939073077
            ],
            "nRouts": 316,
            "child_modules": {},
            "Compiled": "Yes",
            "nMops": 9637,
            "Compiled Times": 1,
            "nQuads": 2865
        },
        "decoder": {
            "start_perf": [
                0.31896400451660156,
                0.28295500000000001,
                0.104227,
                376000,
                442952,
                1646562722.469588,
                196404063844611
            ],
            "end_perf": [
                0.41835403442382812,
                0.39335700000000001,
                0.104227,
                376000,
                442952,
                196404416633733,
                42949672961,
                0
            ],
            "child_modules": {},
            "significant_routs": [
                [
                    1,
                    "R_VCSgd_zf0bY_1",
                    10583743,
                    10482,
                    1384
                ],
                [
                    204,
                    "R_VCSgd_zf0bY_cc",
                    9371802,
                    9112,
                    1548
                ],
                [
                    344,
                    "R_VCSgd_zf0bY_158",
                    7228918,
                    8224,
                    1169
                ],
                [
                    345,
                    "R_VCSgd_zf0bY_159",
                    7862611,
                    8453,
                    1426
                ],
                [
                    388,
                    "R_VCSgd_zf0bY_184",
                    6688668,
                    6676,
                    1054
                ]
            ],
            "Compiled": "Yes",
            "Compiled Times": 1,
            "nMops": 33281,
            "nQuads": 7614,
            "nRouts": 523
        },
        "multi_counter": {
            "end_perf": [
                0.45320487022399902,
                0.430977,
                0.105251,
                376000,
                442952,
                196404540377274,
                111669149697,
                0
            ],
            "start_perf": [
                0.44797205924987793,
                0.425176,
                0.105251,
                376000,
                442952,
                1646562722.5985961,
                196404521673303
            ],
            "nRouts": 29,
            "child_modules": {},
            "Compiled": "Yes",
            "nMops": 777,
            "Compiled Times": 1,
            "nQuads": 237
        },
        "intagent": {
            "end_perf": [
                0.47248387336730957,
                0.450513,
                0.107098,
                376000,
                442952,
                196404608705910,
                167503724545,
                0
            ],
            "start_perf": [
                0.45934796333312988,
                0.43770100000000001,
                0.105319,
                376000,
                442952,
                1646562722.609972,
                196404562043637
            ],
            "nRouts": 139,
            "child_modules": {},
            "Compiled": "Yes",
            "nMops": 2901,
            "Compiled Times": 1,
            "nQuads": 1128
        },
        "ifu_top": {
            "end_perf": [
                0.4479219913482666,
                0.42512,
                0.105251,
                376000,
                442952,
                196404521571895,
                85899345921,
                0
            ],