{
    "Modules": {
        "sim_core_top": {
            "Compiled": "Yes",
            "Compiled Times": 1,
            "start_perf": [
                0.41980695724487305,
                0.37896099999999999,
                0.045114000000000001,
                287916,
                287940,
                1643361201.068717,
                42417902950726
            ],
            "child_modules": {
                "ifu_top": 1,
                "commit": 1,
                "decoder": 1,
                "wbck": 1
            },
            "nMops": 36278,
            "significant_routs": [
                [
                    1,
                    "R_VCSgd_Jm6Rb_1",
                    9742208,
                    8759,
                    1220
                ],
                [
                    590,
                    "R_VCSgd_Jm6Rb_24e",
                    4676704,
                    6087,
                    994
                ],
                [
                    881,
                    "R_VCSgd_Jm6Rb_371",
                    3767776,
                    4057,
                    668
                ],
                [
                    956,
                    "R_VCSgd_Jm6Rb_3bc",
                    4587584,
                    5988,
                    974
                ]
            ],
            "end_perf": [
                0.55324506759643555,
                0.50837699999999997,
                0.049133000000000003,
                287916,
                287940,
                42418329396810,
                154618822657,
                0
            ],
            "nRouts": 1194,
            "nQuads": 10939
        },
        "...MASTER...": {
            "start_perf": [
                0.23700284957885742,
                0.206207,
                0.035206000000000001,
                285940,
                287376,
                1643361200.8859129,
                42417319081849
            ],
            "nMops": 7,
            "child_modules": {
                "sim_core_top": 1,
                "excp_dbg": 1,
                "std": 1
            },
            "end_perf": [
                0.23943901062011719,
                0.206565,
                0.037282000000000003,
                286928,
                287376,
                42417326879481,
                0,
                0
            ],
            "nRouts": 8,
            "nQuads": 4
        },
        "std": {
            "Compiled": "Yes",
            "Compiled Times": 1,
            "start_perf": [
                0.23949694633483887,
                0.20661499999999999,
                0.037290999999999998,
                286928,
                287376,
                1643361200.888407,
                42417327048089
            ],
            "child_modules": {},
            "nMops": 528,
            "end_perf": [
                0.24555087089538574,
                0.21165999999999999,
                0.038300000000000001,
                287912,
                287916,
                42417346404536,
                8589934594,
                0
            ],
            "svclass": [
                "$vcs_nba_dyn_obj",
                576,
                35,
                2,
                2,
                0,
                "sigprop$$",
                576,
                35,
                2,
                2,
                0,
                "process",
                2380,
                200,
                8,
                8,
                0,
                "event",
                597,
                34,
                2,
                2,
                0,
                "mailbox",
                1769,
                140,
                9,
                9,
                0,
                "semaphore",
                1119,
                84,
                5,
                5,
                0
            ],
            "nRouts": 33,
            "nQuads": 218
        },
        "commit": {
            "Compiled Times": 1,
            "Compiled": "Yes",
            "start_perf": [
                0.24558401107788086,
                0.21168799999999999,
                0.038304999999999999,
                287912,
                287916,
                1643361200.8944941,
                42417346484952
            ],
            "nMops": 5032,
            "child_modules": {},
            "end_perf": [
                0.27081894874572754,
                0.23597599999999999,
                0.039162000000000002,
                287916,
                287940,
                42417427147960,
                25769803777,
                0
            ],
            "nRouts": 200,
            "nQuads": 1416
        },
        "decoder": {
            "Compiled": "Yes",
            "Compiled Times": 1,
            "start_perf": [
                0.27086400985717773,
                0.236015,
                0.039168000000000001,
                287916,
                287940,
                1643361200.9197741,
                42417427230456
            ],
            "child_modules": {},
            "nMops": 33282,
            "significant_routs": [
                [
                    1,
                    "R_VCSgd_zf0bY_1",
                    10112320,
                    10482,
                    1384
                ],
                [
                    123,
                    "R_VCSgd_zf0bY_7b",
                    4227712,
                    3769,
                    528
                ],
                [
                    204,
                    "R_VCSgd_zf0bY_cc",
                    12001696,
                    9112,
                    1548
                ],
                [
                    344,
                    "R_VCSgd_zf0bY_158",
                    7175456,
                    8224,
                    1169
                ],
                [
                    345,
                    "R_VCSgd_zf0bY_159",
                    8038176,
                    8453,
                    1426
                ],
                [
                    388,
                    "R_VCSgd_zf0bY_184",
                    6671584,
                    6676,
                    1054
                ]
            ],
            "end_perf": [
                0.38137197494506836,
                0.34260699999999999,
                0.043076000000000003,
                287916,
                287940,
                42417780275014,
                42949672961,
                0
            ],
            "nRouts": 523,
            "nQuads": 7613
        },
        "excp_dbg": {
            "Compiled Times": 1,
            "Compiled": "Yes",
            "start_perf": [
                0.38142585754394531,
                0.34265499999999999,
                0.043082000000000002,
                287916,
                287940,
                1643361201.0303359,
                42417780362310
            ],
            "nMops": 1451,
            "child_modules": {},
            "end_perf": [
                0.39017605781555176,
                0.35138999999999998,
                0.043082000000000002,
                287916,
                287940,
                42417808358406,
                60129542145,
                0
            ],
            "nRouts": 55,
            "nQuads": 486
        },
        "ifu_top": {
            "Compiled Times": 1,
            "Compiled": "Yes",
            "start_perf": [
                0.39021706581115723,
                0.35143200000000002,
                0.043082000000000002,
                287916,
                287940,
                1643361201.0391271,
                42417808443974
            ],
            "nMops": 5482,
            "child_modules": {},