{
    "Modules": {
        "...MASTER...": {
            "nRouts": 9,
            "nMops": 9,
            "start_perf": [
                0.62184405326843262,
                0.46854299999999999,
                0.23886499999999999,
                374136,
                442952,
                1647403064.917999,
                351621858413927
            ],
            "child_modules": {
                "std": 1,
                "sim_core_top": 1,
                "excp_dbg": 1,
                "sirv_gnrl_dffr": 1
            },
            "end_perf": [
                0.62662100791931152,
                0.470194,
                0.24198900000000001,
                375128,
                442952,
                351621873720647,
                0,
                0
            ],
            "nQuads": 5
        },
        "std": {
            "nRouts": 33,
            "start_perf": [
                0.6267399787902832,
                0.470273,
                0.24202899999999999,
                375128,
                442952,
                1647403064.922895,
                351621874042311
            ],
            "Compiled Times": 1,
            "nMops": 528,
            "child_modules": {},
            "Compiled": "Yes",
            "end_perf": [
                0.63868212699890137,
                0.48025800000000002,
                0.24393999999999999,
                376108,
                442952,
                351621912288023,
                8589934594,
                0
            ],
            "svclass": [
                "$vcs_nba_dyn_obj",
                576,
                35,
                2,
                2,
                0,
                "sigprop$$",
                576,
                35,
                2,
                2,
                0,
                "process",
                2380,
                200,
                8,
                8,
                0,
                "event",
                597,
                34,
                2,
                2,
                0,
                "mailbox",
                1769,
                140,
                9,
                9,
                0,
                "semaphore",
                1119,
                84,
                5,
                5,
                0
            ],
            "nQuads": 218
        },
        "decoder": {
            "nRouts": 523,
            "start_perf": [
                0.70912599563598633,
                0.54603100000000004,
                0.248612,
                376112,
                442952,
                1647403065.005281,
                351622137173783
            ],
            "Compiled Times": 1,
            "nMops": 33281,
            "child_modules": {},
            "Compiled": "Yes",
            "significant_routs": [
                [
                    1,
                    "R_VCSgd_zf0bY_1",
                    16473024,
                    10482,
                    1384
                ],
                [
                    204,
                    "R_VCSgd_zf0bY_cc",
                    15458176,
                    9112,
                    1548
                ],
                [
                    344,
                    "R_VCSgd_zf0bY_158",
                    11505792,
                    8224,
                    1169
                ],
                [
                    345,
                    "R_VCSgd_zf0bY_159",
                    13254272,
                    8453,
                    1426
                ],
                [
                    388,
                    "R_VCSgd_zf0bY_184",
                    10418272,
                    6676,
                    1054
                ]
            ],
            "end_perf": [
                0.88713812828063965,
                0.72260100000000005,
                0.25001299999999999,
                376112,
                442952,
                351622705838807,
                42949672961,
                0
            ],
            "nQuads": 7614
        },
        "sim_core_top": {
            "nRouts": 1098,
            "start_perf": [
                0.99072504043579102,
                0.82069700000000001,
                0.255328,
                376112,
                442952,
                1647403065.28688,
                351623036630087
            ],
            "Compiled Times": 1,
            "nMops": 33994,
            "child_modules": {
                "ifu_top": 1,
                "intagent": 1,
                "decoder": 1,
                "csr": 1,
                "wbck": 1,
                "multi_counter": 1
            },
            "Compiled": "Yes",
            "significant_routs": [
                [
                    1,
                    "R_VCSgd_Jm6Rb_1",
                    14252640,
                    8100,
                    1178
                ]
            ],
            "end_perf": [
                1.2013521194458008,
                1.0312079999999999,
                0.255328,
                376112,
                442952,
                351623709444151,
                171798691841,
                0
            ],
            "nQuads": 9884
        },
        "csr": {
            "nRouts": 316,
            "nMops": 9637,
            "Compiled Times": 1,
            "start_perf": [
                0.63876199722290039,
                0.48031200000000002,
                0.24396799999999999,
                376108,
                442952,
                1647403064.934917,
                351621912431543
            ],
            "child_modules": {},
            "Compiled": "Yes",
            "end_perf": [
                0.70903801918029785,
                0.54596999999999996,
                0.248584,
                376112,
                442952,
                351622137014327,
                34359738369,
                0
            ],
            "nQuads": 2865
        },
        "excp_dbg": {
            "nRouts": 55,
            "nMops": 1451,
            "Compiled Times": 1,
            "start_perf": [
                0.88720607757568359,
                0.72265100000000004,
                0.250031,
                376112,
                442952,
                1647403065.1833611,
                351622705958743
            ],
            "child_modules": {},
            "Compiled": "Yes",
            "end_perf": [
                0.90096902847290039,
                0.73486399999999996,
                0.25156099999999998,
                376112,
                442952,
                351622750035959,
                60129542145,
                0
            ],
            "nQuads": 486
        },
        "ifu_top": {
            "nRouts": 141,
            "nMops": 4513,
            "Compiled Times": 1,
            "start_perf": [
                0.90104413032531738,
                0.73492000000000002,
                0.25158000000000003,
                376112,
                442952,
                1647403065.1971991,
                351622750153175
            ],
            "child_modules": {},
            "Compiled": "Yes",
            "end_perf": [
                0.93839097023010254,
                0.772258,
                0.25158000000000003,
                376112,
                442952,
                351622869591223,
                85899345921,
                0
            ],
            "nQuads": 1366
        },
        "wbck": {
            "nRouts": 14,
            "nMops": 362,
            "Compiled Times": 1,
            "start_perf": [
                0.95147299766540527,
                0.78375799999999995,
                0.25312000000000001,
                376112,
                442952,
                1647403065.247628,
                351622911225879
            ],
            "child_modules": {},
            "Compiled": "Yes",