{
    "Modules": {
        "...MASTER...": {
            "start_perf": [
                0.29760313034057617,
                0.25366100000000003,
                0.091303999999999996,
                373996,
                442956,
                1644988019.8277371,
                321386465823311
            ],
            "nRouts": 8,
            "nQuads": 4,
            "child_modules": {
                "sim_core_top": 1,
                "excp_dbg": 1,
                "std": 1
            },
            "end_perf": [
                0.30020999908447266,
                0.25626700000000002,
                0.091303999999999996,
                374988,
                442956,
                321386474152495,
                0,
                0
            ],
            "nMops": 7
        },
        "excp_dbg": {
            "start_perf": [
                0.4425511360168457,
                0.391069,
                0.098818000000000003,
                375972,
                442956,
                1644988019.9726851,
                321386928764783
            ],
            "nRouts": 55,
            "nQuads": 486,
            "child_modules": {},
            "nMops": 1451,
            "Compiled": "Yes",
            "Compiled Times": 1,
            "end_perf": [
                0.45139694213867188,
                0.399897,
                0.098818000000000003,
                375972,
                442956,
                321386957058031,
                60129542145,
                0
            ]
        },
        "commit": {
            "start_perf": [
                0.30705809593200684,
                0.260185,
                0.094223000000000001,
                375968,
                442956,
                1644988019.8371921,
                321386496024431
            ],
            "nRouts": 200,
            "nQuads": 1416,
            "child_modules": {},
            "nMops": 5034,
            "Compiled": "Yes",
            "Compiled Times": 1,
            "end_perf": [
                0.3332979679107666,
                0.28575299999999998,
                0.094894999999999993,
                375972,
                442956,
                321386579876144,
                25769803777,
                0
            ]
        },
        "std": {
            "start_perf": [
                0.30027508735656738,
                0.25633299999999998,
                0.091303999999999996,
                374988,
                442956,
                1644988019.830409,
                321386474343599
            ],
            "nQuads": 218,
            "nRouts": 33,
            "child_modules": {},
            "svclass": [
                "$vcs_nba_dyn_obj",
                576,
                35,
                2,
                2,
                0,
                "sigprop$$",
                576,
                35,
                2,
                2,
                0,
                "process",
                2380,
                200,
                8,
                8,
                0,
                "event",
                597,
                34,
                2,
                2,
                0,
                "mailbox",
                1769,
                140,
                9,
                9,
                0,
                "semaphore",
                1119,
                84,
                5,
                5,
                0
            ],
            "nMops": 528,
            "Compiled": "Yes",
            "Compiled Times": 1,
            "end_perf": [
                0.30698704719543457,
                0.260133,
                0.094203999999999996,
                375968,
                442956,
                321386495886479,
                8589934594,
                0
            ]
        },
        "wbck": {
            "start_perf": [
                0.48678994178771973,
                0.43456699999999998,
                0.099506999999999998,
                375972,
                442956,
                1644988020.0169239,
                321387070062160
            ],
            "nRouts": 14,
            "nQuads": 89,
            "child_modules": {},
            "nMops": 363,
            "Compiled": "Yes",
            "Compiled Times": 1,
            "end_perf": [
                0.48981499671936035,
                0.43758999999999998,
                0.099506999999999998,
                375972,
                442956,
                321387079776464,
                150323855361,
                0
            ]
        },
        "decoder": {
            "start_perf": [
                0.33334803581237793,
                0.28579100000000002,
                0.094908000000000006,
                375972,
                442956,
                1644988019.863482,
                321386579969808
            ],
            "nQuads": 7613,
            "nRouts": 523,
            "child_modules": {},
            "nMops": 33282,
            "Compiled": "Yes",
            "Compiled Times": 1,
            "significant_routs": [
                [
                    1,
                    "R_VCSgd_zf0bY_1",
                    9784800,
                    10482,
                    1384
                ],
                [
                    204,
                    "R_VCSgd_zf0bY_cc",
                    10230016,
                    9112,
                    1548
                ],
                [
                    344,
                    "R_VCSgd_zf0bY_158",
                    7079968,
                    8224,
                    1169
                ],
                [
                    345,
                    "R_VCSgd_zf0bY_159",
                    7888896,
                    8453,
                    1426
                ],
                [
                    388,
                    "R_VCSgd_zf0bY_184",
                    6764224,
                    6676,
                    1054
                ]
            ],
            "end_perf": [
                0.4424891471862793,
                0.39101799999999998,
                0.098805000000000004,
                375972,
                442956,
                321386928672687,
                42949672961,
                0
            ]
        },
        "sim_core_top": {
            "start_perf": [
                0.48985695838928223,
                0.43763400000000002,
                0.099506999999999998,
                375972,
                442956,
                1644988020.0199909,
                321387079859056
            ],
            "nQuads": 10919,
            "nRouts": 1211,
            "child_modules": {
                "ifu_top": 1,
                "commit": 1,
                "multi_counter": 1,
                "decoder": 1,
                "wbck": 1
            },
            "nMops": 36072,
            "Compiled": "Yes",
            "Compiled Times": 1,
            "significant_routs": [
                [
                    1,
                    "R_VCSgd_Jm6Rb_1",
                    8625440,
                    8680,
                    1202
                ],
                [
                    608,
                    "R_VCSgd_Jm6Rb_260",
                    4634656,
                    6087,
                    994
                ]
            ],
            "end_perf": [
                0.62806200981140137,
                0.574797,
                0.10045999999999999,
                375972,
                442956,
                321387521367520,
                154618822657,
                0
            ]
        },
        "ifu_top": {
            "start_perf": [
                0.45143604278564453,
                0.39993600000000001,
                0.098818000000000003,
                375972,
                442956,
                1644988019.98157,
                321386957143503
            ],
            "nRouts": 161,
            "nQuads": 1746,