{
    "Modules": {
        "...MASTER...": {
            "start_perf": [
                0.64898300170898438,
                0.50725699999999996,
                0.124609,
                374072,
                442956,
                1646020739.6974061,
                135101922556973
            ],
            "child_modules": {
                "sim_core_top": 1,
                "sirv_gnrl_dffr": 1,
                "dff_chain": 1,
                "excp_dbg": 1,
                "std": 1
            },
            "nRouts": 11,
            "end_perf": [
                0.67133998870849609,
                0.52961400000000003,
                0.124609,
                375064,
                442956,
                135101993965357,
                0,
                0
            ],
            "nMops": 13,
            "nQuads": 7
        },
        "std": {
            "start_perf": [
                0.67147397994995117,
                0.529748,
                0.124609,
                375064,
                442956,
                1646020739.719897,
                135101994373357
            ],
            "svclass": [
                "$vcs_nba_dyn_obj",
                576,
                35,
                2,
                2,
                0,
                "sigprop$$",
                576,
                35,
                2,
                2,
                0,
                "process",
                2380,
                200,
                8,
                8,
                0,
                "event",
                597,
                34,
                2,
                2,
                0,
                "mailbox",
                1769,
                140,
                9,
                9,
                0,
                "semaphore",
                1119,
                84,
                5,
                5,
                0
            ],
            "child_modules": {},
            "Compiled": "Yes",
            "Compiled Times": 1,
            "end_perf": [
                0.68723797798156738,
                0.54549400000000003,
                0.124609,
                376044,
                442956,
                135102044779437,
                8589934594,
                0
            ],
            "nMops": 528,
            "nQuads": 218,
            "nRouts": 33
        },
        "sim_core_top": {
            "start_perf": [
                0.88510704040527344,
                0.72924500000000003,
                0.138659,
                376048,
                442956,
                1646020739.9335301,
                135102676704590
            ],
            "Compiled": "Yes",
            "child_modules": {
                "decoder": 1,
                "ifu_top": 1,
                "csr": 1,
                "multi_counter": 1,
                "wbck": 1
            },
            "Compiled Times": 1,
            "nRouts": 1092,
            "end_perf": [
                1.0142550468444824,
                0.85444200000000003,
                0.14257800000000001,
                376048,
                442956,
                135103089300078,
                163208757249,
                0
            ],
            "nMops": 33967,
            "nQuads": 9955
        },
        "csr": {
            "start_perf": [
                0.6872859001159668,
                0.545543,
                0.124609,
                376044,
                442956,
                1646020739.735709,
                135102044862701
            ],
            "Compiled": "Yes",
            "child_modules": {},
            "Compiled Times": 1,
            "nRouts": 319,
            "end_perf": [
                0.7294459342956543,
                0.58514999999999995,
                0.127161,
                376048,
                442956,
                135102179607101,
                34359738369,
                0
            ],
            "nMops": 9887,
            "nQuads": 2904
        },
        "decoder": {
            "start_perf": [
                0.72949600219726562,
                0.58519200000000005,
                0.12717000000000001,
                376048,
                442956,
                1646020739.7779191,
                135102179682717
            ],
            "Compiled": "Yes",
            "child_modules": {},
            "Compiled Times": 1,
            "nRouts": 523,
            "end_perf": [
                0.83485889434814453,
                0.68794500000000003,
                0.12976199999999999,
                376048,
                442956,
                135102516289198,
                42949672961,
                0
            ],
            "nMops": 33281,
            "nQuads": 7614
        },
        "ifu_top": {
            "start_perf": [
                0.84314703941345215,
                0.69431699999999996,
                0.131663,
                376048,
                442956,
                1646020739.8915701,
                135102542682126
            ],
            "Compiled": "Yes",
            "child_modules": {},
            "Compiled Times": 1,
            "nRouts": 165,
            "end_perf": [
                0.87132000923156738,
                0.72051799999999999,
                0.13361899999999999,
                376048,
                442956,
                135102632763901,
                85899345921,
                0
            ],
            "nMops": 5554,
            "nQuads": 1762
        },
        "excp_dbg": {
            "start_perf": [
                0.83490800857543945,
                0.68798599999999999,
                0.129769,
                376048,
                442956,
                1646020739.8833311,
                135102516369550
            ],
            "Compiled": "Yes",
            "child_modules": {},
            "Compiled Times": 1,
            "nRouts": 55,
            "end_perf": [
                0.8431088924407959,
                0.69428500000000004,
                0.131657,
                376048,
                442956,
                135102542611950,
                60129542145,
                0
            ],
            "nMops": 1451,
            "nQuads": 486
        },
        "multi_counter": {
            "start_perf": [
                0.87137484550476074,
                0.72056500000000001,
                0.133628,
                376048,
                442956,
                1646020739.9197979,
                135102632844509
            ],
            "Compiled": "Yes",
            "child_modules": {},
            "Compiled Times": 1,
            "nRouts": 29,
            "end_perf": [
                0.87657403945922852,
                0.72574399999999994,
                0.133635,
                376048,
                442956,
                135102649487069,
                111669149697,
                0
            ],
            "nMops": 777,
            "nQuads": 237
        },
        "sirv_gnrl_dffr": {
            "start_perf": [
                0.87660694122314453,
                0.725773,
                0.13364000000000001,
                376048,
                442956,
                1646020739.92503,
                135102649555901
            ],
            "Compiled": "Yes",
            "child_modules": {},
            "Compiled Times": 1,
            "nRouts": 18,
            "end_perf": [
                0.8790130615234375,
                0.72725600000000001,
                0.13456199999999999,
                376048,
                442956,
                135102657273405,
                146028888065,
                0
            ],
            "nMops": 183,
            "nQuads": 84
        },