{
    "stat": {
        "ru_self_end": {
            "ru_utime_sec": 0.54641799999999996,
            "ru_stime_sec": 0.10695399999999999,
            "ru_maxrss_kb": 114224,
            "ru_minflt": 40805,
            "ru_majflt": 0,
            "ru_nvcsw": 350,
            "ru_nivcsw": 24
        },
        "ru_childs_end": {
            "ru_utime_sec": 0.035132999999999998,
            "ru_stime_sec": 0.033789,
            "ru_maxrss_kb": 58512,
            "ru_minflt": 18186,
            "ru_majflt": 0,
            "ru_nvcsw": 68,
            "ru_nivcsw": 13
        },
        "cpu_cycles_end": 111772836392746,
        "peak_mem_kb": 442956
    },
    "reusePaths": {},
    "Modules": {
        "sim_core_top": {
            "start_perf": [
                0.45371699333190918,
                0.400113,
                0.096615000000000006,
                376180,
                442956,
                1645703625.488488,
                111772335024860
            ],
            "nMops": 40169,
            "child_modules": {
                "ifu_top": 1,
                "multi_counter": 1,
                "decoder": 1,
                "wbck": 1
            },
            "Compiled": "Yes",
            "end_perf": [
                0.60517001152038574,
                0.54544099999999995,
                0.102733,
                376180,
                442956,
                111772818858491,
                163208757249,
                0
            ],
            "Compiled Times": 1,
            "significant_routs": [
                [
                    1,
                    "R_VCSgd_Jm6Rb_1",
                    12846368,
                    10189,
                    1402
                ],
                [
                    601,
                    "R_VCSgd_Jm6Rb_259",
                    4697408,
                    6087,
                    994
                ],
                [
                    1064,
                    "R_VCSgd_Jm6Rb_428",
                    4519200,
                    5988,
                    974
                ]
            ],
            "nQuads": 12366,
            "nRouts": 1352
        },
        "...MASTER...": {
            "nRouts": 10,
            "start_perf": [
                0.2922050952911377,
                0.25192799999999999,
                0.083434999999999995,
                374204,
                442956,
                1645703625.3269761,
                111771819164286
            ],
            "nMops": 11,
            "end_perf": [
                0.29483699798583984,
                0.25192799999999999,
                0.086067000000000005,
                375196,
                442956,
                111771827594590,
                0,
                0
            ],
            "child_modules": {
                "sim_core_top": 1,
                "dff_chain": 1,
                "excp_dbg": 1,
                "std": 1
            },
            "nQuads": 6
        },
        "std": {
            "start_perf": [
                0.2949531078338623,
                0.25192799999999999,
                0.086182999999999996,
                375196,
                442956,
                1645703625.3297241,
                111771827948222
            ],
            "nMops": 528,
            "child_modules": {},
            "Compiled": "Yes",
            "end_perf": [
                0.30131793022155762,
                0.25540600000000002,
                0.089069999999999996,
                376176,
                442956,
                111771848287515,
                8589934594,
                0
            ],
            "Compiled Times": 1,
            "nQuads": 218,
            "svclass": [
                "$vcs_nba_dyn_obj",
                576,
                35,
                2,
                2,
                0,
                "sigprop$$",
                576,
                35,
                2,
                2,
                0,
                "process",
                2380,
                200,
                8,
                8,
                0,
                "event",
                597,
                34,
                2,
                2,
                0,
                "mailbox",
                1769,
                140,
                9,
                9,
                0,
                "semaphore",
                1119,
                84,
                5,
                5,
                0
            ],
            "nRouts": 33
        },
        "decoder": {
            "start_perf": [
                0.30135011672973633,
                0.25542999999999999,
                0.089078000000000004,
                376176,
                442956,
                1645703625.3361211,
                111771848365243
            ],
            "nMops": 33281,
            "child_modules": {},
            "Compiled": "Yes",
            "end_perf": [
                0.40713906288146973,
                0.35639500000000002,
                0.093842999999999996,
                376180,
                442956,
                111772186337403,
                42949672961,
                0
            ],
            "Compiled Times": 1,
            "significant_routs": [
                [
                    1,
                    "R_VCSgd_zf0bY_1",
                    9542144,
                    10482,
                    1384
                ],
                [
                    204,
                    "R_VCSgd_zf0bY_cc",
                    9406080,
                    9112,
                    1548
                ],
                [
                    344,
                    "R_VCSgd_zf0bY_158",
                    7023776,
                    8224,
                    1169
                ],
                [
                    345,
                    "R_VCSgd_zf0bY_159",
                    7604672,
                    8453,
                    1426
                ],
                [
                    388,
                    "R_VCSgd_zf0bY_184",
                    6285088,
                    6676,
                    1054
                ]
            ],
            "nQuads": 7614,
            "nRouts": 523
        },
        "ifu_top": {
            "nRouts": 165,
            "start_perf": [
                0.41551709175109863,
                0.36372599999999999,
                0.094884999999999997,
                376180,
                442956,
                1645703625.4502881,
                111772213014363
            ],
            "nMops": 5554,
            "end_perf": [
                0.44191193580627441,
                0.38944400000000001,
                0.095523999999999998,
                376180,
                442956,
                111772297447452,
                85899345921,
                0
            ],
            "Compiled": "Yes",
            "child_modules": {},
            "Compiled Times": 1,
            "nQuads": 1762
        },
        "excp_dbg": {
            "nRouts": 55,
            "start_perf": [
                0.40719008445739746,
                0.35643599999999998,
                0.093854000000000007,
                376180,
                442956,
                1645703625.4419611,
                111772186417819
            ],
            "nMops": 1451,
            "end_perf": [
                0.41547894477844238,
                0.36369499999999999,
                0.094877000000000003,
                376180,
                442956,
                111772212948795,
                60129542145,
                0
            ],
            "Compiled": "Yes",
            "child_modules": {},
            "Compiled Times": 1,
            "nQuads": 486
        },
        "multi_counter": {
            "nRouts": 29,