{
    "stat": {
        "ru_self_end": {
            "ru_utime_sec": 0.78949800000000003,
            "ru_nivcsw": 28,
            "ru_stime_sec": 0.26144299999999998,
            "ru_maxrss_kb": 113928,
            "ru_minflt": 40818,
            "ru_majflt": 0,
            "ru_nvcsw": 380
        },
        "ru_childs_end": {
            "ru_utime_sec": 0.084250000000000005,
            "ru_nivcsw": 6,
            "ru_stime_sec": 0.024163,
            "ru_maxrss_kb": 47484,
            "ru_minflt": 6609,
            "ru_majflt": 0,
            "ru_nvcsw": 17
        },
        "cpu_cycles_end": 208637366813595,
        "peak_mem_kb": 442956
    },
    "Modules": {
        "decoder": {
            "start_perf": [
                0.75521087646484375,
                0.508799,
                0.25335299999999999,
                375900,
                442956,
                1644836844.845634,
                208636442795662
            ],
            "nQuads": 7613,
            "Compiled Times": 1,
            "child_modules": {},
            "Compiled": "Yes",
            "end_perf": [
                0.86147093772888184,
                0.61504599999999998,
                0.25335299999999999,
                375900,
                442956,
                208636782284462,
                42949672961,
                0
            ],
            "nMops": 33282,
            "nRouts": 523
        },
        "...MASTER...": {
            "start_perf": [
                0.67762398719787598,
                0.43522100000000002,
                0.249357,
                373924,
                442956,
                1644836844.7680471,
                208636195015150
            ],
            "nQuads": 4,
            "child_modules": {
                "sim_core_top": 1,
                "excp_dbg": 1,
                "std": 1
            },
            "end_perf": [
                0.70483684539794922,
                0.46087899999999998,
                0.250911,
                374916,
                442956,
                208636281968750,
                0,
                0
            ],
            "nMops": 7,
            "nRouts": 8
        },
        "std": {
            "start_perf": [
                0.70500683784484863,
                0.46099000000000001,
                0.25097199999999997,
                374916,
                442956,
                1644836844.7954299,
                208636282472078
            ],
            "svclass": [
                "$vcs_nba_dyn_obj",
                576,
                35,
                2,
                2,
                0,
                "sigprop$$",
                576,
                35,
                2,
                2,
                0,
                "process",
                2380,
                200,
                8,
                8,
                0,
                "event",
                597,
                34,
                2,
                2,
                0,
                "mailbox",
                1769,
                140,
                9,
                9,
                0,
                "semaphore",
                1119,
                84,
                5,
                5,
                0
            ],
            "nQuads": 218,
            "child_modules": {},
            "Compiled Times": 1,
            "Compiled": "Yes",
            "end_perf": [
                0.72262287139892578,
                0.47799000000000003,
                0.25157299999999999,
                375896,
                442956,
                208636338785486,
                8589934594,
                0
            ],
            "nMops": 528,
            "nRouts": 33
        },
        "commit": {
            "start_perf": [
                0.72267389297485352,
                0.478024,
                0.25159100000000001,
                375896,
                442956,
                1644836844.813097,
                208636338873006
            ],
            "nQuads": 1416,
            "Compiled Times": 1,
            "child_modules": {},
            "Compiled": "Yes",
            "end_perf": [
                0.7551569938659668,
                0.50876299999999997,
                0.253334,
                375900,
                442956,
                208636442700302,
                25769803777,
                0
            ],
            "nMops": 5032,
            "nRouts": 200
        },
        "excp_dbg": {
            "start_perf": [
                0.8615257740020752,
                0.61510200000000004,
                0.25335299999999999,
                375900,
                442956,
                1644836844.9519489,
                208636782364302
            ],
            "nQuads": 486,
            "Compiled Times": 1,
            "child_modules": {},
            "Compiled": "Yes",
            "end_perf": [
                0.86974883079528809,
                0.62331099999999995,
                0.25335299999999999,
                375900,
                442956,
                208636808819182,
                60129542145,
                0
            ],
            "nMops": 1451,
            "nRouts": 55
        },
        "sim_core_top": {
            "start_perf": [
                0.90088891983032227,
                0.65330600000000005,
                0.254467,
                375900,
                442956,
                1644836844.991312,
                208636908086894
            ],
            "nQuads": 11046,
            "Compiled Times": 1,
            "child_modules": {
                "ifu_top": 1,
                "commit": 1,
                "decoder": 1,
                "wbck": 1
            },
            "Compiled": "Yes",
            "end_perf": [
                1.0367138385772705,
                0.78319000000000005,
                0.26037399999999999,
                375900,
                442956,
                208637341993486,
                154618822657,
                0
            ],
            "nMops": 36438,
            "nRouts": 1213
        },
        "ifu_top": {
            "start_perf": [
                0.86983394622802734,
                0.62339599999999995,
                0.25335299999999999,
                375900,
                442956,
                1644836844.9602571,
                208636808908238
            ],
            "nQuads": 1738,
            "Compiled Times": 1,
            "child_modules": {},
            "Compiled": "Yes",
            "end_perf": [
                0.89733386039733887,
                0.65063300000000002,
                0.25360100000000002,
                375900,
                442956,
                208636896846062,
                85899345921,
                0
            ],
            "nMops": 5482,
            "nRouts": 160
        },
        "wbck": {
            "start_perf": [
                0.89739584922790527,
                0.65067900000000001,
                0.25361899999999998,
                375900,
                442956,
                1644836844.987819,
                208636896934094
            ],
            "nQuads": 89,
            "Compiled Times": 1,
            "child_modules": {},
            "Compiled": "Yes",
            "end_perf": [
                0.90085101127624512,
                0.65327800000000003,
                0.25445600000000002,
                375900,
                442956,
                208636908019982,
                150323855361,
                0
            ],
            "nMops": 360,
            "nRouts": 14
        }
    },
    "CompUnits": {
        "amcQw_d": {
            "text": 551,
            "mod": "...MASTER...",
            "mode": 4,
            "out": "objs/amcQw_d.o",
            "checksum": 0,
            "bytes": 8592
        },
        "Jm6Rb_d": {
            "text": 273189,
            "mod": "sim_core_top",
            "mode": 4,