{
    "stat": {
        "ru_childs_end": {
            "ru_nivcsw": 14,
            "ru_minflt": 18256,
            "ru_utime_sec": 0.028865999999999999,
            "ru_stime_sec": 0.039972000000000001,
            "ru_maxrss_kb": 58616,
            "ru_majflt": 0,
            "ru_nvcsw": 61
        },
        "ru_self_end": {
            "ru_nivcsw": 23,
            "ru_minflt": 41151,
            "ru_utime_sec": 0.56818299999999999,
            "ru_stime_sec": 0.110039,
            "ru_maxrss_kb": 114584,
            "ru_majflt": 0,
            "ru_nvcsw": 421
        },
        "cpu_cycles_end": 58320462761013,
        "peak_mem_kb": 442952
    },
    "ObjArchives": [
        {
            "archive": "archive.0/_57007_archive_1.a",
            "size": 1153148,
            "objects": [
                [
                    "reYIK_d.o",
                    43078
                ],
                [
                    "cNThd_d.o",
                    112118
                ],
                [
                    "zf0bY_d.o",
                    315648
                ],
                [
                    "S3FV3_d.o",
                    24136
                ],
                [
                    "He9nS_d.o",
                    60542
                ],
                [
                    "y12fA_d.o",
                    16316
                ],
                [
                    "Wnd0S_d.o",
                    9984
                ],
                [
                    "Da1cw_d.o",
                    10616
                ],
                [
                    "Nvknd_d.o",
                    45964
                ],
                [
                    "Jm6Rb_d.o",
                    391628
                ],
                [
                    "amcQwB.o",
                    123118
                ]
            ]
        }
    ],
    "reusePaths": {},
    "Modules": {
        "ifu_top": {
            "start_perf": [
                0.46036291122436523,
                0.398339,
                0.106237,
                376048,
                442952,
                1647691046.1242869,
                58319906907206
            ],
            "nRouts": 122,
            "child_modules": {},
            "Compiled": "Yes",
            "Compiled Times": 1,
            "end_perf": [
                0.47895407676696777,
                0.41659000000000002,
                0.106569,
                376048,
                442952,
                58319966390822,
                85899345921,
                0
            ],
            "nQuads": 1360,
            "nMops": 3637
        },
        "multi_counter": {
            "start_perf": [
                0.47901010513305664,
                0.41663499999999998,
                0.106581,
                376048,
                442952,
                1647691046.1429341,
                58319966466118
            ],
            "nRouts": 29,
            "child_modules": {},
            "Compiled": "Yes",
            "Compiled Times": 1,
            "end_perf": [
                0.48441195487976074,
                0.42203000000000002,
                0.106584,
                376048,
                442952,
                58319983854854,
                111669149697,
                0
            ],
            "nQuads": 237,
            "nMops": 777
        },
        "...MASTER...": {
            "start_perf": [
                0.30052995681762695,
                0.24291599999999999,
                0.101868,
                374072,
                442952,
                1647691045.9644539,
                58319396405968
            ],
            "nRouts": 9,
            "child_modules": {
                "excp_dbg": 1,
                "sim_core_top": 1,
                "std": 1,
                "sirv_gnrl_dffr": 1
            },
            "end_perf": [
                0.30296611785888672,
                0.24535199999999999,
                0.101868,
                375064,
                442952,
                58319404204752,
                0,
                0
            ],
            "nQuads": 5,
            "nMops": 9
        },
        "std": {
            "start_perf": [
                0.30302810668945312,
                0.24541399999999999,
                0.101868,
                375064,
                442952,
                1647691045.9669521,
                58319404380816
            ],
            "nRouts": 33,
            "child_modules": {},
            "Compiled": "Yes",
            "Compiled Times": 1,
            "end_perf": [
                0.30935811996459961,
                0.24954200000000001,
                0.10406899999999999,
                376044,
                442952,
                58319424616918,
                8589934594,
                0
            ],
            "svclass": [
                "$vcs_nba_dyn_obj",
                576,
                35,
                2,
                2,
                0,
                "sigprop$$",
                576,
                35,
                2,
                2,
                0,
                "process",
                2380,
                200,
                8,
                8,
                0,
                "event",
                597,
                34,
                2,
                2,
                0,
                "mailbox",
                1769,
                140,
                9,
                9,
                0,
                "semaphore",
                1119,
                84,
                5,
                5,
                0
            ],
            "nQuads": 218,
            "nMops": 528
        },
        "csr": {
            "start_perf": [
                0.30939006805419922,
                0.24956600000000001,
                0.104079,
                376044,
                442952,
                1647691045.973314,
                58319424697654
            ],
            "nRouts": 316,
            "child_modules": {},
            "Compiled": "Yes",
            "Compiled Times": 1,
            "end_perf": [
                0.34635305404663086,
                0.28436899999999998,
                0.106223,
                376048,
                442952,
                58319542840230,
                34359738369,
                0
            ],
            "nQuads": 2865,
            "nMops": 9637
        },
        "intagent": {
            "start_perf": [
                0.49047613143920898,
                0.42807800000000001,
                0.106599,
                376048,
                442952,
                1647691046.1544001,
                58320003088870
            ],
            "nRouts": 139,
            "child_modules": {},
            "Compiled": "Yes",
            "Compiled Times": 1,
            "end_perf": [
                0.50490903854370117,
                0.44185200000000002,
                0.10724499999999999,
                376048,
                442952,
                58320049292582,
                167503724545,
                0
            ],
            "nQuads": 1128,
            "nMops": 2901
        },
        "decoder": {
            "start_perf": [
                0.34640192985534668,
                0.28440500000000002,
                0.106237,
                376048,
                442952,
                1647691046.0103259,
                58319542917126
            ],
            "nRouts": 523,
            "child_modules": {},
            "Compiled": "Yes",
            "Compiled Times": 1,