{
    "Modules": {
        "multi_counter": {
            "start_perf": [
                0.48269200325012207,
                0.43070000000000003,
                0.094282000000000005,
                375988,
                442956,
                1645017590.039876,
                395755884487846
            ],
            "child_modules": {},
            "nMops": 777,
            "Compiled": "Yes",
            "Compiled Times": 1,
            "end_perf": [
                0.48819899559020996,
                0.43402600000000002,
                0.096449999999999994,
                375988,
                442956,
                395755902124230,
                111669149697,
                0
            ],
            "nQuads": 237,
            "nRouts": 29
        },
        "...MASTER...": {
            "start_perf": [
                0.30037808418273926,
                0.255637,
                0.087072999999999998,
                374012,
                442956,
                1645017589.8575621,
                395755302185212
            ],
            "child_modules": {
                "sim_core_top": 1,
                "excp_dbg": 1,
                "std": 1
            },
            "end_perf": [
                0.30303502082824707,
                0.25624000000000002,
                0.089125999999999997,
                375004,
                442956,
                395755310693628,
                0,
                0
            ],
            "nQuads": 4,
            "nMops": 7,
            "nRouts": 8
        },
        "std": {
            "start_perf": [
                0.30309891700744629,
                0.25628800000000002,
                0.089143,
                375004,
                442956,
                1645017589.8602829,
                395755310875964
            ],
            "child_modules": {},
            "Compiled": "Yes",
            "nMops": 528,
            "Compiled Times": 1,
            "end_perf": [
                0.30943799018859863,
                0.26262600000000003,
                0.089143,
                375984,
                442956,
                395755331150300,
                8589934594,
                0
            ],
            "svclass": [
                "$vcs_nba_dyn_obj",
                576,
                35,
                2,
                2,
                0,
                "sigprop$$",
                576,
                35,
                2,
                2,
                0,
                "process",
                2380,
                200,
                8,
                8,
                0,
                "event",
                597,
                34,
                2,
                2,
                0,
                "mailbox",
                1769,
                140,
                9,
                9,
                0,
                "semaphore",
                1119,
                84,
                5,
                5,
                0
            ],
            "nQuads": 218,
            "nRouts": 33
        },
        "excp_dbg": {
            "start_perf": [
                0.44746208190917969,
                0.39699600000000002,
                0.092775999999999997,
                375988,
                442956,
                1645017590.0046461,
                395755771963996
            ],
            "child_modules": {},
            "nMops": 1451,
            "Compiled": "Yes",
            "Compiled Times": 1,
            "end_perf": [
                0.45603704452514648,
                0.404694,
                0.093639,
                375988,
                442956,
                395755799417564,
                60129542145,
                0
            ],
            "nQuads": 486,
            "nRouts": 55
        },
        "commit": {
            "start_perf": [
                0.30947399139404297,
                0.26266200000000001,
                0.089143,
                375984,
                442956,
                1645017589.866658,
                395755331229084
            ],
            "child_modules": {},
            "nMops": 5034,
            "Compiled": "Yes",
            "Compiled Times": 1,
            "end_perf": [
                0.3351891040802002,
                0.286997,
                0.090513999999999997,
                375988,
                442956,
                395755413434812,
                25769803777,
                0
            ],
            "nQuads": 1416,
            "nRouts": 200
        },
        "wbck": {
            "start_perf": [
                0.4882349967956543,
                0.434056,
                0.096456,
                375988,
                442956,
                1645017590.045419,
                395755902190342
            ],
            "child_modules": {},
            "nMops": 363,
            "Compiled": "Yes",
            "Compiled Times": 1,
            "end_perf": [
                0.49108409881591797,
                0.43590000000000001,
                0.097461000000000006,
                375988,
                442956,
                395755911332198,
                150323855361,
                0
            ],
            "nQuads": 89,
            "nRouts": 14
        },
        "decoder": {
            "start_perf": [
                0.33524990081787109,
                0.28704299999999999,
                0.090528999999999998,
                375988,
                442956,
                1645017589.8924339,
                395755413568636
            ],
            "child_modules": {},
            "Compiled": "Yes",
            "significant_routs": [
                [
                    1,
                    "R_VCSgd_zf0bY_1",
                    9891456,
                    10482,
                    1384
                ],
                [
                    204,
                    "R_VCSgd_zf0bY_cc",
                    9238624,
                    9112,
                    1548
                ],
                [
                    344,
                    "R_VCSgd_zf0bY_158",
                    7130336,
                    8224,
                    1169
                ],
                [
                    345,
                    "R_VCSgd_zf0bY_159",
                    7825472,
                    8453,
                    1426
                ],
                [
                    388,
                    "R_VCSgd_zf0bY_184",
                    6724992,
                    6676,
                    1054
                ]
            ],
            "nMops": 33282,
            "Compiled Times": 1,
            "end_perf": [
                0.44741702079772949,
                0.39695799999999998,
                0.092767000000000002,
                375988,
                442956,
                395755771886620,
                42949672961,
                0
            ],
            "nQuads": 7613,
            "nRouts": 523
        },
        "ifu_top": {
            "start_perf": [
                0.4560859203338623,
                0.40473399999999998,
                0.093647999999999995,
                375988,
                442956,
                1645017590.0132699,
                395755799508444
            ],
            "child_modules": {},
            "nMops": 5538,
            "Compiled": "Yes",
            "Compiled Times": 1,
            "end_perf": [
                0.4826350212097168,
                0.43065199999999998,
                0.094271999999999995,
                375988,
                442956,
                395755884400038,
                85899345921,
                0
            ],
            "nQuads": 1756,
            "nRouts": 162
        },