{
    "reusePaths": {},
    "Modules": {
        "decoder": {
            "start_perf": [
                0.31995296478271484,
                0.29852499999999998,
                0.10570300000000001,
                375988,
                442956,
                1645015237.7170429,
                388257439816169
            ],
            "nMops": 33282,
            "child_modules": {},
            "Compiled": "Yes",
            "nQuads": 7613,
            "Compiled Times": 1,
            "significant_routs": [
                [
                    1,
                    "R_VCSgd_zf0bY_1",
                    10361664,
                    10482,
                    1384
                ],
                [
                    204,
                    "R_VCSgd_zf0bY_cc",
                    9816384,
                    9112,
                    1548
                ],
                [
                    344,
                    "R_VCSgd_zf0bY_158",
                    7293888,
                    8224,
                    1169
                ],
                [
                    345,
                    "R_VCSgd_zf0bY_159",
                    8052128,
                    8453,
                    1426
                ],
                [
                    388,
                    "R_VCSgd_zf0bY_184",
                    6986208,
                    6676,
                    1054
                ]
            ],
            "end_perf": [
                0.4224541187286377,
                0.40756999999999999,
                0.110527,
                375988,
                442956,
                388257803847497,
                42949672961,
                0
            ],
            "nRouts": 523
        },
        "...MASTER...": {
            "start_perf": [
                0.2879951000213623,
                0.26721800000000001,
                0.101519,
                374012,
                442956,
                1645015237.6850851,
                388257326411781
            ],
            "nMops": 7,
            "child_modules": {
                "sim_core_top": 1,
                "std": 1,
                "excp_dbg": 1
            },
            "end_perf": [
                0.29035711288452148,
                0.267428,
                0.103935,
                375004,
                442956,
                388257334811333,
                0,
                0
            ],
            "nQuads": 4,
            "nRouts": 8
        },
        "std": {
            "start_perf": [
                0.29041314125061035,
                0.26747300000000002,
                0.103952,
                375004,
                442956,
                1645015237.6875031,
                388257335081893
            ],
            "svclass": [
                "$vcs_nba_dyn_obj",
                576,
                35,
                2,
                2,
                0,
                "sigprop$$",
                576,
                35,
                2,
                2,
                0,
                "process",
                2380,
                200,
                8,
                8,
                0,
                "event",
                597,
                34,
                2,
                2,
                0,
                "mailbox",
                1769,
                140,
                9,
                9,
                0,
                "semaphore",
                1119,
                84,
                5,
                5,
                0
            ],
            "nMops": 528,
            "child_modules": {},
            "Compiled": "Yes",
            "nQuads": 218,
            "Compiled Times": 1,
            "end_perf": [
                0.29604101181030273,
                0.27276800000000001,
                0.10491,
                375984,
                442956,
                388257354983914,
                8589934594,
                0
            ],
            "nRouts": 33
        },
        "excp_dbg": {
            "start_perf": [
                0.42255806922912598,
                0.40767100000000001,
                0.110527,
                375988,
                442956,
                1645015237.819648,
                388257803954057
            ],
            "nMops": 1451,
            "child_modules": {},
            "nQuads": 486,
            "Compiled": "Yes",
            "Compiled Times": 1,
            "end_perf": [
                0.43110013008117676,
                0.41617399999999999,
                0.111516,
                375988,
                442956,
                388257834324937,
                60129542145,
                0
            ],
            "nRouts": 55
        },
        "wbck": {
            "start_perf": [
                0.46166300773620605,
                0.44700099999999998,
                0.11461499999999999,
                375988,
                442956,
                1645015237.858753,
                388257942729129
            ],
            "nMops": 363,
            "child_modules": {},
            "nQuads": 89,
            "Compiled": "Yes",
            "Compiled Times": 1,
            "end_perf": [
                0.46435713768005371,
                0.44985000000000003,
                0.114757,
                375988,
                442956,
                388257952330537,
                150323855361,
                0
            ],
            "nRouts": 14
        },
        "commit": {
            "start_perf": [
                0.29607200622558594,
                0.27279300000000001,
                0.10492,
                375984,
                442956,
                1645015237.693162,
                388257355065674
            ],
            "nMops": 5034,
            "child_modules": {},
            "nQuads": 1416,
            "Compiled": "Yes",
            "Compiled Times": 1,
            "end_perf": [
                0.31990408897399902,
                0.29848400000000003,
                0.10568900000000001,
                375988,
                442956,
                388257439722281,
                25769803777,
                0
            ],
            "nRouts": 200
        },
        "multi_counter": {
            "start_perf": [
                0.45632004737854004,
                0.44317699999999999,
                0.112516,
                375988,
                442956,
                1645015237.85341,
                388257923769029
            ],
            "nMops": 777,
            "child_modules": {},
            "nQuads": 237,
            "Compiled": "Yes",
            "Compiled Times": 1,
            "end_perf": [
                0.46161603927612305,
                0.44695800000000002,
                0.114604,
                375988,
                442956,
                388257942646121,
                111669149697,
                0
            ],
            "nRouts": 29
        },
        "ifu_top": {
            "start_perf": [
                0.43114113807678223,
                0.41621000000000002,
                0.111526,
                375988,
                442956,
                1645015237.8282311,
                388257834410281
            ],
            "nMops": 5538,
            "child_modules": {},
            "nQuads": 1756,
            "Compiled": "Yes",
            "Compiled Times": 1,
            "end_perf": [
                0.45625495910644531,
                0.44311899999999999,
                0.112501,
                375988,
                442956,
                388257923681925,
                85899345921,
                0
            ],
            "nRouts": 162
        },