{
    "Modules": {
        "dff_chain": {
            "start_perf": [
                0.51934599876403809,
                0.45562799999999998,
                0.084134,
                375996,
                443340,
                1646050126.702255,
                163229314179080
            ],
            "nQuads": 178,
            "child_modules": {},
            "Compiled": "Yes",
            "Compiled Times": 1,
            "end_perf": [
                0.52276802062988281,
                0.45904899999999998,
                0.084134,
                375996,
                443340,
                163229325284328,
                158913789953,
                0
            ],
            "nRouts": 33,
            "nMops": 290
        },
        "...MASTER...": {
            "start_perf": [
                0.31671810150146484,
                0.25602799999999998,
                0.081179000000000001,
                374020,
                443340,
                1646050126.4996271,
                163228666985832
            ],
            "nQuads": 7,
            "child_modules": {
                "sirv_gnrl_dffr": 1,
                "sim_core_top": 1,
                "dff_chain": 1,
                "excp_dbg": 1,
                "std": 1
            },
            "end_perf": [
                0.31965494155883789,
                0.258965,
                0.081179000000000001,
                375012,
                443340,
                163228676395592,
                0,
                0
            ],
            "nRouts": 11,
            "nMops": 13
        },
        "ifu_top": {
            "start_perf": [
                0.48128390312194824,
                0.41759299999999999,
                0.084134,
                375996,
                443340,
                1646050126.6641929,
                163229192609863
            ],
            "nQuads": 1762,
            "child_modules": {},
            "Compiled": "Yes",
            "Compiled Times": 1,
            "end_perf": [
                0.5082099437713623,
                0.44451000000000002,
                0.084134,
                375996,
                443340,
                163229278743111,
                85899345921,
                0
            ],
            "nRouts": 165,
            "nMops": 5554
        },
        "std": {
            "start_perf": [
                0.31972098350524902,
                0.25903100000000001,
                0.081179000000000001,
                375012,
                443340,
                1646050126.50263,
                163228676578728
            ],
            "nQuads": 218,
            "child_modules": {},
            "Compiled": "Yes",
            "Compiled Times": 1,
            "end_perf": [
                0.32628297805786133,
                0.26475199999999999,
                0.082020999999999997,
                375992,
                443340,
                163228697565319,
                8589934594,
                0
            ],
            "svclass": [
                "$vcs_nba_dyn_obj",
                576,
                35,
                2,
                2,
                0,
                "sigprop$$",
                576,
                35,
                2,
                2,
                0,
                "process",
                2380,
                200,
                8,
                8,
                0,
                "event",
                597,
                34,
                2,
                2,
                0,
                "mailbox",
                1769,
                140,
                9,
                9,
                0,
                "semaphore",
                1119,
                84,
                5,
                5,
                0
            ],
            "nMops": 528,
            "nRouts": 33
        },
        "multi_counter": {
            "start_perf": [
                0.50827908515930176,
                0.44457999999999998,
                0.084134,
                375996,
                443340,
                1646050126.6911881,
                163229278833575
            ],
            "nQuads": 237,
            "child_modules": {},
            "Compiled": "Yes",
            "Compiled Times": 1,
            "end_perf": [
                0.5137169361114502,
                0.45000400000000002,
                0.084134,
                375996,
                443340,
                163229296242407,
                111669149697,
                0
            ],
            "nRouts": 29,
            "nMops": 777
        },
        "csr": {
            "start_perf": [
                0.32631802558898926,
                0.26477899999999999,
                0.082029000000000005,
                375992,
                443340,
                1646050126.509227,
                163228697646855
            ],
            "nQuads": 2865,
            "child_modules": {},
            "Compiled": "Yes",
            "Compiled Times": 1,
            "end_perf": [
                0.36437201499938965,
                0.30208099999999999,
                0.082761000000000001,
                375996,
                443340,
                163228819296359,
                34359738369,
                0
            ],
            "nRouts": 316,
            "nMops": 9637
        },
        "wbck": {
            "start_perf": [
                0.51623797416687012,
                0.45252500000000001,
                0.084134,
                375996,
                443340,
                1646050126.699147,
                163229304250311
            ],
            "nQuads": 89,
            "child_modules": {},
            "Compiled": "Yes",
            "Compiled Times": 1,
            "end_perf": [
                0.5193030834197998,
                0.45558300000000002,
                0.084134,
                375996,
                443340,
                163229314098760,
                150323855361,
                0
            ],
            "nRouts": 14,
            "nMops": 362
        },
        "sirv_gnrl_dffr": {
            "start_perf": [
                0.51375389099121094,
                0.450042,
                0.084134,
                375996,
                443340,
                1646050126.6966629,
                163229296319175
            ],
            "nQuads": 84,
            "child_modules": {},
            "Compiled": "Yes",
            "Compiled Times": 1,
            "end_perf": [
                0.5162050724029541,
                0.45249099999999998,
                0.084134,
                375996,
                443340,
                163229304180487,
                146028888065,
                0
            ],
            "nRouts": 18,
            "nMops": 183
        },
        "sim_core_top": {
            "start_perf": [
                0.52284789085388184,
                0.45904899999999998,
                0.084213999999999997,
                375996,
                443340,
                1646050126.7057569,
                163229325370216
            ],
            "nQuads": 9960,
            "child_modules": {
                "ifu_top": 1,
                "multi_counter": 1,
                "csr": 1,
                "wbck": 1,
                "decoder": 1
            },
            "Compiled": "Yes",
            "Compiled Times": 1,