{
    "stat": {
        "ru_self_end": {
            "ru_maxrss_kb": 115620,
            "ru_utime_sec": 1.5071140000000001,
            "ru_nvcsw": 364,
            "ru_stime_sec": 0.19107099999999999,
            "ru_minflt": 41278,
            "ru_majflt": 0,
            "ru_nivcsw": 39
        },
        "peak_mem_kb": 442952,
        "ru_childs_end": {
            "ru_maxrss_kb": 58512,
            "ru_utime_sec": 0.38580500000000001,
            "ru_nvcsw": 51,
            "ru_stime_sec": 0.098762000000000003,
            "ru_minflt": 18248,
            "ru_majflt": 0,
            "ru_nivcsw": 20
        },
        "cpu_cycles_end": 182217461914541
    },
    "Modules": {
        "...MASTER...": {
            "start_perf": [
                0.97686386108398438,
                1.061185,
                0.15721099999999999,
                374028,
                442952,
                1646549794.6787219,
                182215925489629
            ],
            "child_modules": {
                "sim_core_top": 1,
                "std": 1,
                "excp_dbg": 1,
                "sirv_gnrl_dffr": 1
            },
            "end_perf": [
                1.0031650066375732,
                1.0865590000000001,
                0.158137,
                375020,
                442952,
                182216009511421,
                0,
                0
            ],
            "nQuads": 5,
            "nMops": 9,
            "nRouts": 9
        },
        "csr": {
            "start_perf": [
                1.0214319229125977,
                1.104797,
                0.15815599999999999,
                376000,
                442952,
                1646549794.72329,
                182216067805117
            ],
            "child_modules": {},
            "nQuads": 2865,
            "Compiled": "Yes",
            "nMops": 9637,
            "Compiled Times": 1,
            "end_perf": [
                1.0782320499420166,
                1.159751,
                0.16,
                376004,
                442952,
                182216249337324,
                34359738369,
                0
            ],
            "nRouts": 316
        },
        "wbck": {
            "start_perf": [
                1.2733609676361084,
                1.339839,
                0.174982,
                376004,
                442952,
                1646549794.975219,
                182216872479180
            ],
            "child_modules": {},
            "nQuads": 89,
            "Compiled": "Yes",
            "nMops": 362,
            "Compiled Times": 1,
            "end_perf": [
                1.2765469551086426,
                1.340975,
                0.177033,
                376004,
                442952,
                182216882688396,
                150323855361,
                0
            ],
            "nRouts": 14
        },
        "decoder": {
            "start_perf": [
                1.078294038772583,
                1.1598060000000001,
                0.16000800000000001,
                376004,
                442952,
                1646549794.7801521,
                182216249432972
            ],
            "child_modules": {},
            "Compiled": "Yes",
            "nQuads": 7614,
            "nMops": 33281,
            "Compiled Times": 1,
            "significant_routs": [
                [
                    1,
                    "R_VCSgd_zf0bY_1",
                    18876928,
                    10482,
                    1384
                ]
            ],
            "end_perf": [
                1.2204358577728271,
                1.2940769999999999,
                0.16786300000000001,
                376004,
                442952,
                182216703519116,
                42949672961,
                0
            ],
            "nRouts": 523
        },
        "excp_dbg": {
            "start_perf": [
                1.220491886138916,
                1.294127,
                0.16786999999999999,
                376004,
                442952,
                1646549794.9223499,
                182216703612972
            ],
            "child_modules": {},
            "nQuads": 486,
            "Compiled": "Yes",
            "nMops": 1451,
            "Compiled Times": 1,
            "end_perf": [
                1.2317540645599365,
                1.304349,
                0.16889299999999999,
                376004,
                442952,
                182216739686892,
                60129542145,
                0
            ],
            "nRouts": 55
        },
        "std": {
            "start_perf": [
                1.003309965133667,
                1.086686,
                0.15815599999999999,
                375020,
                442952,
                1646549794.705168,
                182216009936829
            ],
            "child_modules": {},
            "svclass": [
                "$vcs_nba_dyn_obj",
                576,
                35,
                2,
                2,
                0,
                "sigprop$$",
                576,
                35,
                2,
                2,
                0,
                "process",
                2380,
                200,
                8,
                8,
                0,
                "event",
                597,
                34,
                2,
                2,
                0,
                "mailbox",
                1769,
                140,
                9,
                9,
                0,
                "semaphore",
                1119,
                84,
                5,
                5,
                0
            ],
            "Compiled": "Yes",
            "nQuads": 218,
            "nMops": 528,
            "Compiled Times": 1,
            "end_perf": [
                1.0213809013366699,
                1.1047450000000001,
                0.15815599999999999,
                376000,
                442952,
                182216067715517,
                8589934594,
                0
            ],
            "nRouts": 33
        },
        "ifu_top": {
            "start_perf": [
                1.2318239212036133,
                1.304411,
                0.168901,
                376004,
                442952,
                1646549794.933682,
                182216739806764
            ],
            "child_modules": {},
            "nQuads": 1569,
            "Compiled": "Yes",
            "nMops": 5017,
            "Compiled Times": 1,
            "end_perf": [
                1.2615048885345459,
                1.3310150000000001,
                0.17197299999999999,
                376004,
                442952,
                182216834706252,
                85899345921,
                0
            ],
            "nRouts": 141
        },
        "multi_counter": {
            "start_perf": [
                1.2615640163421631,
                1.3310679999999999,
                0.17197999999999999,
                376004,
                442952,
                1646549794.9634221,
                182216834789772
            ],
            "child_modules": {},
            "nQuads": 237,
            "Compiled": "Yes",
            "nMops": 777,
            "Compiled Times": 1,
            "end_perf": [
                1.2684159278869629,
                1.335909,
                0.173983,
                376004,
                442952,
                182216856817548,
                111669149697,
                0
            ],
            "nRouts": 29
        },
        "sirv_gnrl_dffr": {
            "start_perf": [
                1.2684919834136963,
                1.335977,
                0.17399200000000001,
                376004,
                442952,
                1646549794.97035,
                182216856938220
            ],
            "child_modules": {},
            "nQuads": 84,