{
    "Modules": {
        "ifu_top": {
            "nRouts": 165,
            "start_perf": [
                0.39490580558776855,
                0.37360100000000002,
                0.105433,
                376204,
                444820,
                1645952967.9139359,
                107561215279157
            ],
            "Compiled Times": 1,
            "child_modules": {},
            "Compiled": "Yes",
            "end_perf": [
                0.4183800220489502,
                0.39967799999999998,
                0.105433,
                376204,
                444820,
                107561298695861,
                85899345921,
                0
            ],
            "nQuads": 1762,
            "nMops": 5554
        },
        "...MASTER...": {
            "nRouts": 11,
            "start_perf": [
                0.27188491821289062,
                0.24492900000000001,
                0.097506999999999996,
                374228,
                444820,
                1645952967.790915,
                107560778701893
            ],
            "child_modules": {
                "std": 1,
                "sim_core_top": 1,
                "sirv_gnrl_dffr": 1,
                "dff_chain": 1,
                "excp_dbg": 1
            },
            "end_perf": [
                0.27554082870483398,
                0.246836,
                0.099661,
                375220,
                444820,
                107560791751525,
                0,
                0
            ],
            "nQuads": 7,
            "nMops": 13
        },
        "sim_core_top": {
            "start_perf": [
                0.43199491500854492,
                0.41386000000000001,
                0.106349,
                376204,
                444820,
                1645952967.951025,
                107561346904885
            ],
            "Compiled Times": 1,
            "child_modules": {
                "ifu_top": 1,
                "decoder": 1,
                "multi_counter": 1,
                "wbck": 1
            },
            "Compiled": "Yes",
            "significant_routs": [
                [
                    1,
                    "R_VCSgd_Jm6Rb_1",
                    11807296,
                    10786,
                    1462
                ],
                [
                    612,
                    "R_VCSgd_Jm6Rb_264",
                    4711008,
                    6087,
                    994
                ],
                [
                    1082,
                    "R_VCSgd_Jm6Rb_43a",
                    4641504,
                    5988,
                    974
                ]
            ],
            "end_perf": [
                0.56725978851318359,
                0.56023699999999999,
                0.11022899999999999,
                376204,
                444820,
                107561827028965,
                163208757249,
                0
            ],
            "nQuads": 12462,
            "nMops": 40508,
            "nRouts": 1369
        },
        "std": {
            "start_perf": [
                0.27563285827636719,
                0.24690899999999999,
                0.099691000000000002,
                375220,
                444820,
                1645952967.794663,
                107560792017797
            ],
            "Compiled Times": 1,
            "child_modules": {},
            "Compiled": "Yes",
            "end_perf": [
                0.28430891036987305,
                0.25440000000000002,
                0.10176,
                376200,
                444820,
                107560822876261,
                8589934594,
                0
            ],
            "svclass": [
                "$vcs_nba_dyn_obj",
                576,
                35,
                2,
                2,
                0,
                "sigprop$$",
                576,
                35,
                2,
                2,
                0,
                "process",
                2380,
                200,
                8,
                8,
                0,
                "event",
                597,
                34,
                2,
                2,
                0,
                "mailbox",
                1769,
                140,
                9,
                9,
                0,
                "semaphore",
                1119,
                84,
                5,
                5,
                0
            ],
            "nQuads": 218,
            "nMops": 528,
            "nRouts": 33
        },
        "decoder": {
            "start_perf": [
                0.28436398506164551,
                0.254444,
                0.10177700000000001,
                376200,
                444820,
                1645952967.8033941,
                107560822992965
            ],
            "Compiled Times": 1,
            "child_modules": {},
            "Compiled": "Yes",
            "significant_routs": [
                [
                    1,
                    "R_VCSgd_zf0bY_1",
                    9748480,
                    10482,
                    1384
                ],
                [
                    204,
                    "R_VCSgd_zf0bY_cc",
                    9901216,
                    9112,
                    1548
                ],
                [
                    344,
                    "R_VCSgd_zf0bY_158",
                    7169312,
                    8224,
                    1169
                ],
                [
                    345,
                    "R_VCSgd_zf0bY_159",
                    8637860,
                    8453,
                    1426
                ],
                [
                    388,
                    "R_VCSgd_zf0bY_184",
                    6891372,
                    6676,
                    1054
                ]
            ],
            "end_perf": [
                0.38718199729919434,
                0.36604399999999998,
                0.10442,
                376204,
                444820,
                107561187952597,
                42949672961,
                0
            ],
            "nQuads": 7614,
            "nMops": 33281,
            "nRouts": 523
        },
        "multi_counter": {
            "nRouts": 29,
            "start_perf": [
                0.41844582557678223,
                0.39975100000000002,
                0.105433,
                376204,
                444820,
                1645952967.9374759,
                107561298828181
            ],
            "Compiled Times": 1,
            "child_modules": {},
            "Compiled": "Yes",
            "end_perf": [
                0.4239199161529541,
                0.40581699999999998,
                0.105433,
                376204,
                444820,
                107561318359477,
                111669149697,
                0
            ],
            "nQuads": 237,
            "nMops": 777
        },
        "excp_dbg": {
            "nRouts": 55,
            "start_perf": [
                0.38722801208496094,
                0.36608400000000002,
                0.104431,
                376204,
                444820,
                1645952967.9062581,
                107561188030517
            ],
            "Compiled Times": 1,
            "child_modules": {},
            "Compiled": "Yes",
            "end_perf": [
                0.39486885070800781,
                0.37356800000000001,
                0.105424,
                376204,
                444820,
                107561215209045,
                60129542145,
                0
            ],
            "nQuads": 486,
            "nMops": 1451
        },
        "dff_chain": {
            "nRouts": 33,