{
    "reusePaths": {},
    "Modules": {
        "...MASTER...": {
            "nRouts": 8,
            "start_perf": [
                0.41978883743286133,
                0.32300299999999998,
                0.097545999999999994,
                374016,
                444820,
                1644981548.710712,
                309823523367569
            ],
            "nQuads": 4,
            "end_perf": [
                0.43497395515441895,
                0.33987499999999998,
                0.097545999999999994,
                375008,
                444820,
                309823577288209,
                0,
                0
            ],
            "child_modules": {
                "sim_core_top": 1,
                "excp_dbg": 1,
                "std": 1
            },
            "nMops": 7
        },
        "std": {
            "nRouts": 33,
            "Compiled": "Yes",
            "start_perf": [
                0.43511080741882324,
                0.34002900000000003,
                0.097545999999999994,
                375008,
                444820,
                1644981548.7260339,
                309823577760433
            ],
            "child_modules": {},
            "nQuads": 218,
            "end_perf": [
                0.4458928108215332,
                0.35016900000000001,
                0.099372000000000002,
                375988,
                444820,
                309823616043345,
                8589934594,
                0
            ],
            "svclass": [
                "$vcs_nba_dyn_obj",
                576,
                35,
                2,
                2,
                0,
                "sigprop$$",
                576,
                35,
                2,
                2,
                0,
                "process",
                2380,
                200,
                8,
                8,
                0,
                "event",
                597,
                34,
                2,
                2,
                0,
                "mailbox",
                1769,
                140,
                9,
                9,
                0,
                "semaphore",
                1119,
                84,
                5,
                5,
                0
            ],
            "Compiled Times": 1,
            "nMops": 528
        },
        "wbck": {
            "nRouts": 14,
            "Compiled": "Yes",
            "start_perf": [
                0.60758686065673828,
                0.52468400000000004,
                0.104472,
                375992,
                444820,
                1644981548.89851,
                309824189810642
            ],
            "nQuads": 89,
            "end_perf": [
                0.61022377014160156,
                0.52751199999999998,
                0.104573,
                375992,
                444820,
                309824199223186,
                150323855361,
                0
            ],
            "child_modules": {},
            "Compiled Times": 1,
            "nMops": 363
        },
        "commit": {
            "nRouts": 200,
            "Compiled": "Yes",
            "start_perf": [
                0.44593596458435059,
                0.35020699999999999,
                0.099382999999999999,
                375988,
                444820,
                1644981548.7368591,
                309823616131985
            ],
            "nQuads": 1416,
            "end_perf": [
                0.4723207950592041,
                0.37746299999999999,
                0.10144300000000001,
                375992,
                444820,
                309823709843794,
                25769803777,
                0
            ],
            "child_modules": {},
            "Compiled Times": 1,
            "nMops": 5034
        },
        "ifu_top": {
            "nRouts": 161,
            "Compiled": "Yes",
            "start_perf": [
                0.57676982879638672,
                0.492288,
                0.102657,
                375992,
                444820,
                1644981548.8676929,
                309824080445426
            ],
            "nQuads": 1746,
            "end_perf": [
                0.60209989547729492,
                0.51961599999999997,
                0.10345799999999999,
                375992,
                444820,
                309824170489746,
                85899345921,
                0
            ],
            "child_modules": {},
            "Compiled Times": 1,
            "nMops": 5504
        },
        "decoder": {
            "nRouts": 523,
            "Compiled": "Yes",
            "start_perf": [
                0.47236776351928711,
                0.37750400000000001,
                0.101454,
                375992,
                444820,
                1644981548.7632909,
                309823709935666
            ],
            "child_modules": {},
            "significant_routs": [
                [
                    1,
                    "R_VCSgd_zf0bY_1",
                    10893616,
                    10482,
                    1384
                ],
                [
                    204,
                    "R_VCSgd_zf0bY_cc",
                    9497920,
                    9112,
                    1548
                ],
                [
                    345,
                    "R_VCSgd_zf0bY_159",
                    7684320,
                    8453,
                    1426
                ]
            ],
            "nQuads": 7613,
            "end_perf": [
                0.56898379325866699,
                0.48372599999999999,
                0.102573,
                375992,
                444820,
                309824052914770,
                42949672961,
                0
            ],
            "Compiled Times": 1,
            "nMops": 33282
        },
        "excp_dbg": {
            "nRouts": 55,
            "Compiled": "Yes",
            "start_perf": [
                0.56903576850891113,
                0.48377399999999998,
                0.10258299999999999,
                375992,
                444820,
                1644981548.8599589,
                309824052998098
            ],
            "nQuads": 486,
            "end_perf": [
                0.57672977447509766,
                0.49225000000000002,
                0.102649,
                375992,
                444820,
                309824080370578,
                60129542145,
                0
            ],
            "child_modules": {},
            "Compiled Times": 1,
            "nMops": 1451
        },
        "multi_counter": {
            "nRouts": 29,
            "Compiled": "Yes",
            "start_perf": [
                0.60216593742370605,
                0.51967799999999997,
                0.10347000000000001,
                375992,
                444820,
                1644981548.8930891,
                309824170573650
            ],
            "nQuads": 237,
            "end_perf": [
                0.6075439453125,
                0.52464299999999997,
                0.104464,
                375992,
                444820,
                309824189726130,
                111669149697,
                0
            ],
            "child_modules": {},
            "Compiled Times": 1,
            "nMops": 777
        },
        "sim_core_top": {
            "nRouts": 1211,
            "Compiled": "Yes",
            "start_perf": [
                0.61026096343994141,
                0.52754699999999999,
                0.10457900000000001,
                375992,
                444820,
                1644981548.9011841,
                309824199299026
            ],
            "child_modules": {
                "decoder": 1,
                "commit": 1,
                "ifu_top": 1,
                "multi_counter": 1,
                "wbck": 1
            },