{
    "Modules": {
        "...MASTER...": {
            "start_perf": [
                0.34780788421630859,
                0.278949,
                0.122076,
                374012,
                443344,
                1645013511.0034659,
                382727526975687
            ],
            "nMops": 7,
            "child_modules": {
                "excp_dbg": 1,
                "sim_core_top": 1,
                "std": 1
            },
            "nRouts": 8,
            "end_perf": [
                0.35156106948852539,
                0.28270200000000001,
                0.122076,
                375004,
                443344,
                382727539001686,
                0,
                0
            ],
            "nQuads": 4
        },
        "std": {
            "start_perf": [
                0.35164809226989746,
                0.28278999999999999,
                0.122076,
                375004,
                443344,
                1645013511.0073061,
                382727539238454
            ],
            "child_modules": {},
            "nMops": 528,
            "Compiled": "Yes",
            "Compiled Times": 1,
            "nRouts": 33,
            "end_perf": [
                0.35880398750305176,
                0.28798299999999999,
                0.12402199999999999,
                375984,
                443344,
                382727562149095,
                8589934594,
                0
            ],
            "svclass": [
                "$vcs_nba_dyn_obj",
                576,
                35,
                2,
                2,
                0,
                "sigprop$$",
                576,
                35,
                2,
                2,
                0,
                "process",
                2380,
                200,
                8,
                8,
                0,
                "event",
                597,
                34,
                2,
                2,
                0,
                "mailbox",
                1769,
                140,
                9,
                9,
                0,
                "semaphore",
                1119,
                84,
                5,
                5,
                0
            ],
            "nQuads": 218
        },
        "commit": {
            "start_perf": [
                0.35885190963745117,
                0.288018,
                0.12403599999999999,
                375984,
                443344,
                1645013511.0145099,
                382727562236935
            ],
            "nMops": 5034,
            "child_modules": {},
            "Compiled Times": 1,
            "Compiled": "Yes",
            "nRouts": 200,
            "end_perf": [
                0.38695597648620605,
                0.31544800000000001,
                0.124712,
                375988,
                443344,
                382727652122309,
                25769803777,
                0
            ],
            "nQuads": 1416
        },
        "decoder": {
            "start_perf": [
                0.38702011108398438,
                0.315494,
                0.12472999999999999,
                375988,
                443344,
                1645013511.0426781,
                382727652389445
            ],
            "child_modules": {},
            "nMops": 33282,
            "Compiled": "Yes",
            "Compiled Times": 1,
            "significant_routs": [
                [
                    1,
                    "R_VCSgd_zf0bY_1",
                    20267360,
                    10482,
                    1384
                ],
                [
                    123,
                    "R_VCSgd_zf0bY_7b",
                    5933409,
                    3769,
                    528
                ],
                [
                    204,
                    "R_VCSgd_zf0bY_cc",
                    10922560,
                    9112,
                    1548
                ],
                [
                    344,
                    "R_VCSgd_zf0bY_158",
                    7970528,
                    8224,
                    1169
                ],
                [
                    345,
                    "R_VCSgd_zf0bY_159",
                    8109792,
                    8453,
                    1426
                ],
                [
                    388,
                    "R_VCSgd_zf0bY_184",
                    6850976,
                    6676,
                    1054
                ]
            ],
            "nRouts": 523,
            "end_perf": [
                0.51454901695251465,
                0.43824400000000002,
                0.12950400000000001,
                375988,
                443344,
                382728059721588,
                42949672961,
                0
            ],
            "nQuads": 7613
        },
        "sim_core_top": {
            "start_perf": [
                0.57428097724914551,
                0.494309,
                0.13312299999999999,
                375988,
                443344,
                1645013511.229939,
                382728250382565
            ],
            "child_modules": {
                "multi_counter": 1,
                "ifu_top": 1,
                "commit": 1,
                "decoder": 1,
                "wbck": 1
            },
            "nMops": 36221,
            "Compiled": "Yes",
            "Compiled Times": 1,
            "significant_routs": [
                [
                    1,
                    "R_VCSgd_Jm6Rb_1",
                    13110912,
                    8599,
                    1196
                ]
            ],
            "nRouts": 1220,
            "end_perf": [
                0.74469590187072754,
                0.66042500000000004,
                0.13741700000000001,
                375988,
                443344,
                382728794879412,
                154618822657,
                0
            ],
            "nQuads": 10978
        },
        "wbck": {
            "start_perf": [
                0.57120394706726074,
                0.49307499999999999,
                0.13127900000000001,
                375988,
                443344,
                1645013511.226862,
                382728240553541
            ],
            "nMops": 363,
            "child_modules": {},
            "Compiled Times": 1,
            "Compiled": "Yes",
            "nRouts": 14,
            "end_perf": [
                0.57423996925354004,
                0.49427599999999999,
                0.13311400000000001,
                375988,
                443344,
                382728250311429,
                150323855361,
                0
            ],
            "nQuads": 89
        },
        "excp_dbg": {
            "start_perf": [
                0.51462388038635254,
                0.438303,
                0.129522,
                375988,
                443344,
                1645013511.1702819,
                382728059820052
            ],
            "nMops": 1451,
            "child_modules": {},
            "Compiled Times": 1,
            "Compiled": "Yes",
            "nRouts": 55,
            "end_perf": [
                0.52412605285644531,
                0.44671499999999997,
                0.13059399999999999,
                375988,
                443344,
                382728090247924,
                60129542145,
                0
            ],
            "nQuads": 486
        },
        "multi_counter": {
            "start_perf": [
                0.56503605842590332,
                0.48759999999999998,
                0.130606,
                375988,
                443344,
                1645013511.2206941,
                382728220855456
            ],
            "nMops": 777,
            "child_modules": {},
            "Compiled Times": 1,
            "Compiled": "Yes",