{
    "reusePaths": {},
    "Modules": {
        "...MASTER...": {
            "start_perf": [
                0.2682030200958252,
                0.25192700000000001,
                0.088640999999999998,
                374220,
                442952,
                1646313704.6112909,
                163683329046340
            ],
            "child_modules": {
                "excp_dbg": 1,
                "sim_core_top": 1,
                "sirv_gnrl_dffr": 1,
                "std": 1
            },
            "end_perf": [
                0.27048707008361816,
                0.253245,
                0.089860999999999996,
                375212,
                442952,
                163683337174404,
                0,
                0
            ],
            "nRouts": 9,
            "nQuads": 5,
            "nMops": 9
        },
        "std": {
            "start_perf": [
                0.27054500579833984,
                0.25329299999999999,
                0.089878,
                375212,
                442952,
                1646313704.6136329,
                163683337355844
            ],
            "child_modules": {},
            "nMops": 528,
            "Compiled": "Yes",
            "Compiled Times": 1,
            "svclass": [
                "$vcs_nba_dyn_obj",
                576,
                35,
                2,
                2,
                0,
                "sigprop$$",
                576,
                35,
                2,
                2,
                0,
                "process",
                2380,
                200,
                8,
                8,
                0,
                "event",
                597,
                34,
                2,
                2,
                0,
                "mailbox",
                1769,
                140,
                9,
                9,
                0,
                "semaphore",
                1119,
                84,
                5,
                5,
                0
            ],
            "end_perf": [
                0.27650213241577148,
                0.25766299999999998,
                0.092105000000000006,
                376192,
                442952,
                163683358549093,
                8589934594,
                0
            ],
            "nQuads": 218,
            "nRouts": 33
        },
        "sirv_gnrl_dffr": {
            "start_perf": [
                0.4064490795135498,
                0.39988899999999999,
                0.094226000000000004,
                376196,
                442952,
                1646313704.749537,
                163683819669572
            ],
            "child_modules": {},
            "nMops": 183,
            "Compiled": "Yes",
            "Compiled Times": 1,
            "end_perf": [
                0.40902900695800781,
                0.40275499999999997,
                0.094226000000000004,
                376196,
                442952,
                163683828876836,
                146028888065,
                0
            ],
            "nRouts": 18,
            "nQuads": 84
        },
        "decoder": {
            "start_perf": [
                0.27654218673706055,
                0.25769500000000001,
                0.092117000000000004,
                376192,
                442952,
                1646313704.6196301,
                163683358630149
            ],
            "child_modules": {},
            "nMops": 33281,
            "Compiled": "Yes",
            "Compiled Times": 1,
            "significant_routs": [
                [
                    1,
                    "R_VCSgd_zf0bY_1",
                    10167488,
                    10482,
                    1384
                ],
                [
                    204,
                    "R_VCSgd_zf0bY_cc",
                    9552160,
                    9112,
                    1548
                ],
                [
                    344,
                    "R_VCSgd_zf0bY_158",
                    7213184,
                    8224,
                    1169
                ],
                [
                    345,
                    "R_VCSgd_zf0bY_159",
                    8157664,
                    8453,
                    1426
                ],
                [
                    388,
                    "R_VCSgd_zf0bY_184",
                    6770336,
                    6676,
                    1054
                ]
            ],
            "end_perf": [
                0.37229418754577637,
                0.36380699999999999,
                0.092395000000000005,
                376196,
                442952,
                163683698527589,
                42949672961,
                0
            ],
            "nQuads": 7614,
            "nRouts": 523
        },
        "multi_counter": {
            "start_perf": [
                0.40099215507507324,
                0.39482499999999998,
                0.093238000000000001,
                376196,
                442952,
                1646313704.7440801,
                163683800293508
            ],
            "child_modules": {},
            "nMops": 777,
            "Compiled": "Yes",
            "Compiled Times": 1,
            "end_perf": [
                0.40639805793762207,
                0.399843,
                0.094214999999999993,
                376196,
                442952,
                163683819583076,
                111669149697,
                0
            ],
            "nRouts": 29,
            "nQuads": 237
        },
        "excp_dbg": {
            "start_perf": [
                0.37233901023864746,
                0.363848,
                0.092406000000000002,
                376196,
                442952,
                1646313704.7154269,
                163683698606501
            ],
            "child_modules": {},
            "nMops": 1451,
            "Compiled": "Yes",
            "Compiled Times": 1,
            "end_perf": [
                0.37998509407043457,
                0.37232999999999999,
                0.092406000000000002,
                376196,
                442952,
                163683725780644,
                60129542145,
                0
            ],
            "nRouts": 55,
            "nQuads": 486
        },
        "wbck": {
            "start_perf": [
                0.40906715393066406,
                0.40279700000000002,
                0.094226000000000004,
                376196,
                442952,
                1646313704.7521551,
                163683828947364
            ],
            "child_modules": {},
            "nMops": 362,
            "Compiled": "Yes",
            "Compiled Times": 1,
            "end_perf": [
                0.41151714324951172,
                0.40550799999999998,
                0.094226000000000004,
                376196,
                442952,
                163683837667556,
                150323855361,
                0
            ],
            "nRouts": 14,
            "nQuads": 89
        },
        "ifu_top": {
            "start_perf": [
                0.38001799583435059,
                0.37236799999999998,
                0.092406000000000002,
                376196,
                442952,
                1646313704.7231059,
                163683725860580
            ],
            "child_modules": {},
            "nMops": 5017,
            "Compiled": "Yes",
            "Compiled Times": 1,
            "end_perf": [
                0.4009251594543457,
                0.39476499999999998,
                0.093224000000000001,
                376196,
                442952,
                163683800192676,
                85899345921,
                0
            ],
            "nRouts": 141,
            "nQuads": 1569
        },