{
    "Modules": {
        "...MASTER...": {
            "nQuads": 5,
            "start_perf": [
                0.27370190620422363,
                0.251662,
                0.096348000000000003,
                374136,
                442952,
                1647314182.707191,
                286174375556166
            ],
            "child_modules": {
                "std": 1,
                "sim_core_top": 1,
                "excp_dbg": 1,
                "sirv_gnrl_dffr": 1
            },
            "nRouts": 9,
            "end_perf": [
                0.27602195739746094,
                0.25217800000000001,
                0.098410999999999998,
                375128,
                442952,
                286174383803398,
                0,
                0
            ],
            "nMops": 9
        },
        "std": {
            "start_perf": [
                0.2760779857635498,
                0.25222299999999997,
                0.098428000000000002,
                375128,
                442952,
                1647314182.7095671,
                286174383982182
            ],
            "nQuads": 218,
            "child_modules": {},
            "Compiled": "Yes",
            "Compiled Times": 1,
            "nMops": 528,
            "end_perf": [
                0.28182291984558105,
                0.255191,
                0.101831,
                376108,
                442952,
                286174404391991,
                8589934594,
                0
            ],
            "svclass": [
                "$vcs_nba_dyn_obj",
                576,
                35,
                2,
                2,
                0,
                "sigprop$$",
                576,
                35,
                2,
                2,
                0,
                "process",
                2380,
                200,
                8,
                8,
                0,
                "event",
                597,
                34,
                2,
                2,
                0,
                "mailbox",
                1769,
                140,
                9,
                9,
                0,
                "semaphore",
                1119,
                84,
                5,
                5,
                0
            ],
            "nRouts": 33
        },
        "csr": {
            "nQuads": 2865,
            "start_perf": [
                0.28185081481933594,
                0.255214,
                0.10184,
                376108,
                442952,
                1647314182.7153399,
                286174404464791
            ],
            "child_modules": {},
            "Compiled": "Yes",
            "nMops": 9637,
            "Compiled Times": 1,
            "nRouts": 316,
            "end_perf": [
                0.31455588340759277,
                0.29108499999999998,
                0.10230599999999999,
                376112,
                442952,
                286174520623255,
                34359738369,
                0
            ]
        },
        "excp_dbg": {
            "nQuads": 486,
            "start_perf": [
                0.41006302833557129,
                0.39718100000000001,
                0.102321,
                376112,
                442952,
                1647314182.8435521,
                286174859477831
            ],
            "child_modules": {},
            "Compiled": "Yes",
            "nMops": 1451,
            "Compiled Times": 1,
            "nRouts": 55,
            "end_perf": [
                0.4177238941192627,
                0.40567799999999998,
                0.102321,
                376112,
                442952,
                286174886705063,
                60129542145,
                0
            ]
        },
        "ifu_top": {
            "nQuads": 1569,
            "start_perf": [
                0.41775798797607422,
                0.40571600000000002,
                0.102321,
                376112,
                442952,
                1647314182.8512471,
                286174886782951
            ],
            "child_modules": {},
            "Compiled": "Yes",
            "nMops": 5017,
            "Compiled Times": 1,
            "nRouts": 141,
            "end_perf": [
                0.43860983848571777,
                0.42684800000000001,
                0.10434,
                376112,
                442952,
                286174960868679,
                85899345921,
                0
            ]
        },
        "decoder": {
            "start_perf": [
                0.31460690498352051,
                0.29112700000000002,
                0.102321,
                376112,
                442952,
                1647314182.748096,
                286174520711447
            ],
            "nQuads": 7614,
            "child_modules": {},
            "Compiled": "Yes",
            "Compiled Times": 1,
            "nMops": 33281,
            "significant_routs": [
                [
                    1,
                    "R_VCSgd_zf0bY_1",
                    9818208,
                    10482,
                    1384
                ],
                [
                    204,
                    "R_VCSgd_zf0bY_cc",
                    9321280,
                    9112,
                    1548
                ],
                [
                    344,
                    "R_VCSgd_zf0bY_158",
                    6970464,
                    8224,
                    1169
                ],
                [
                    345,
                    "R_VCSgd_zf0bY_159",
                    7527904,
                    8453,
                    1426
                ],
                [
                    388,
                    "R_VCSgd_zf0bY_184",
                    6403424,
                    6676,
                    1054
                ]
            ],
            "end_perf": [
                0.41001796722412109,
                0.39712799999999998,
                0.102321,
                376112,
                442952,
                286174859386791,
                42949672961,
                0
            ],
            "nRouts": 523
        },
        "multi_counter": {
            "nQuads": 237,
            "start_perf": [
                0.43865394592285156,
                0.42688799999999999,
                0.10435,
                376112,
                442952,
                1647314182.872143,
                286174960942215
            ],
            "child_modules": {},
            "Compiled": "Yes",
            "nMops": 777,
            "Compiled Times": 1,
            "nRouts": 29,
            "end_perf": [
                0.44350600242614746,
                0.43214200000000003,
                0.104474,
                376112,
                442952,
                286174978238087,
                111669149697,
                0
            ]
        },
        "intagent": {
            "nQuads": 1128,
            "start_perf": [
                0.44928598403930664,
                0.43773400000000001,
                0.105292,
                376112,
                442952,
                1647314182.8827751,
                286174998673767
            ],
            "child_modules": {},
            "Compiled": "Yes",
            "nMops": 2901,
            "Compiled Times": 1,
            "nRouts": 139,
            "end_perf": [
                0.46241497993469238,
                0.44987700000000003,
                0.107733,
                376112,
                442952,
                286175045328583,
                167503724545,
                0
            ]
        },
        "sirv_gnrl_dffr": {
            "nQuads": 84,