{
    "Modules": {
        "...MASTER...": {
            "end_perf": [
                0.27016210556030273,
                0.24813099999999999,
                0.096165,
                375016,
                442952,
                168799202371812,
                0,
                0
            ],
            "start_perf": [
                0.26791715621948242,
                0.24762100000000001,
                0.09418,
                374024,
                442952,
                1646315308.6528001,
                168799194381220
            ],
            "child_modules": {
                "excp_dbg": 1,
                "sim_core_top": 1,
                "std": 1,
                "sirv_gnrl_dffr": 1
            },
            "nQuads": 5,
            "nMops": 9,
            "nRouts": 9
        },
        "std": {
            "Compiled Times": 1,
            "end_perf": [
                0.27568316459655762,
                0.25335200000000002,
                0.097078999999999999,
                375996,
                442952,
                168799221961988,
                8589934594,
                0
            ],
            "start_perf": [
                0.2702171802520752,
                0.24817500000000001,
                0.096182000000000004,
                375016,
                442952,
                1646315308.6551001,
                168799202546468
            ],
            "child_modules": {},
            "Compiled": "Yes",
            "svclass": [
                "$vcs_nba_dyn_obj",
                576,
                35,
                2,
                2,
                0,
                "sigprop$$",
                576,
                35,
                2,
                2,
                0,
                "process",
                2380,
                200,
                8,
                8,
                0,
                "event",
                597,
                34,
                2,
                2,
                0,
                "mailbox",
                1769,
                140,
                9,
                9,
                0,
                "semaphore",
                1119,
                84,
                5,
                5,
                0
            ],
            "nQuads": 218,
            "nMops": 528,
            "nRouts": 33
        },
        "csr": {
            "end_perf": [
                0.30844998359680176,
                0.28973100000000002,
                0.097087999999999994,
                376000,
                442952,
                168799338309796,
                34359738369,
                0
            ],
            "Compiled Times": 1,
            "start_perf": [
                0.27571201324462891,
                0.25337599999999999,
                0.097087999999999994,
                375996,
                442952,
                1646315308.6605949,
                168799222042788
            ],
            "child_modules": {},
            "Compiled": "Yes",
            "nQuads": 2865,
            "nMops": 9637,
            "nRouts": 316
        },
        "sirv_gnrl_dffr": {
            "end_perf": [
                0.44076013565063477,
                0.43419600000000003,
                0.099574999999999997,
                376000,
                442952,
                168799807842692,
                146028888065,
                0
            ],
            "Compiled Times": 1,
            "start_perf": [
                0.43801307678222656,
                0.432114,
                0.098607,
                376000,
                442952,
                1646315308.822896,
                168799798046212
            ],
            "child_modules": {},
            "Compiled": "Yes",
            "nQuads": 84,
            "nMops": 183,
            "nRouts": 18
        },
        "decoder": {
            "Compiled Times": 1,
            "end_perf": [
                0.40422201156616211,
                0.396125,
                0.097087999999999994,
                376000,
                442952,
                168799678173924,
                42949672961,
                0
            ],
            "start_perf": [
                0.30850100517272949,
                0.28978900000000002,
                0.097087999999999994,
                376000,
                442952,
                1646315308.6933839,
                168799338407716
            ],
            "child_modules": {},
            "Compiled": "Yes",
            "significant_routs": [
                [
                    1,
                    "R_VCSgd_zf0bY_1",
                    9785536,
                    10482,
                    1384
                ],
                [
                    204,
                    "R_VCSgd_zf0bY_cc",
                    9536480,
                    9112,
                    1548
                ],
                [
                    344,
                    "R_VCSgd_zf0bY_158",
                    7304288,
                    8224,
                    1169
                ],
                [
                    345,
                    "R_VCSgd_zf0bY_159",
                    8360736,
                    8453,
                    1426
                ],
                [
                    388,
                    "R_VCSgd_zf0bY_184",
                    6404992,
                    6676,
                    1054
                ]
            ],
            "nQuads": 7614,
            "nMops": 33281,
            "nRouts": 523
        },
        "multi_counter": {
            "end_perf": [
                0.43793010711669922,
                0.432114,
                0.098513000000000003,
                376000,
                442952,
                168799797926628,
                111669149697,
                0
            ],
            "Compiled Times": 1,
            "start_perf": [
                0.43287205696105957,
                0.42650700000000002,
                0.098513000000000003,
                376000,
                442952,
                1646315308.817755,
                168799779784580
            ],
            "child_modules": {},
            "Compiled": "Yes",
            "nQuads": 237,
            "nMops": 777,
            "nRouts": 29
        },
        "sim_core_top": {
            "Compiled Times": 1,
            "end_perf": [
                0.5690150260925293,
                0.57292500000000002,
                0.10333299999999999,
                376000,
                442952,
                168800263017508,
                171798691841,
                0
            ],
            "start_perf": [
                0.45603013038635254,
                0.45028000000000001,
                0.10044699999999999,
                376000,
                442952,
                1646315308.8409131,
                168799861970948
            ],
            "child_modules": {
                "intagent": 1,
                "ifu_top": 1,
                "csr": 1,
                "decoder": 1,
                "multi_counter": 1,
                "wbck": 1
            },
            "Compiled": "Yes",
            "significant_routs": [
                [
                    1,
                    "R_VCSgd_Jm6Rb_1",
                    8415552,
                    8100,
                    1178
                ],
                [
                    596,
                    "R_VCSgd_Jm6Rb_254",
                    5050924,
                    6087,
                    994
                ]
            ],
            "nQuads": 9876,
            "nMops": 33950,
            "nRouts": 1095
        },
        "intagent": {
            "end_perf": [
                0.45598697662353516,
                0.450241,
                0.100438,
                376000,
                442952,
                168799861884484,
                167503724545,
                0
            ],