{
    "Modules": {
        "...MASTER...": {
            "child_modules": {
                "sim_core_top": 1,
                "dff_chain": 1,
                "excp_dbg": 1,
                "std": 1
            },
            "start_perf": [
                0.28215694427490234,
                0.24710299999999999,
                0.077418000000000001,
                374204,
                442956,
                1645703936.2973599,
                112765050327279
            ],
            "end_perf": [
                0.2848200798034668,
                0.24777099999999999,
                0.079412999999999997,
                375196,
                442956,
                112765058853967,
                0,
                0
            ],
            "nQuads": 6,
            "nMops": 11,
            "nRouts": 10
        },
        "wbck": {
            "child_modules": {},
            "start_perf": [
                0.43921899795532227,
                0.39377800000000002,
                0.087744000000000003,
                376180,
                442956,
                1645703936.454422,
                112765551972960
            ],
            "Compiled": "Yes",
            "nRouts": 14,
            "Compiled Times": 1,
            "end_perf": [
                0.44214701652526855,
                0.396706,
                0.087744000000000003,
                376180,
                442956,
                112765561378048,
                150323855361,
                0
            ],
            "nQuads": 89,
            "nMops": 362
        },
        "decoder": {
            "child_modules": {},
            "start_perf": [
                0.29137611389160156,
                0.25322,
                0.080520999999999995,
                376176,
                442956,
                1645703936.3065791,
                112765079767938
            ],
            "Compiled": "Yes",
            "nRouts": 523,
            "Compiled Times": 1,
            "significant_routs": [
                [
                    1,
                    "R_VCSgd_zf0bY_1",
                    9742400,
                    10482,
                    1384
                ],
                [
                    204,
                    "R_VCSgd_zf0bY_cc",
                    9437728,
                    9112,
                    1548
                ],
                [
                    344,
                    "R_VCSgd_zf0bY_158",
                    7024768,
                    8224,
                    1169
                ],
                [
                    345,
                    "R_VCSgd_zf0bY_159",
                    7859328,
                    8453,
                    1426
                ],
                [
                    388,
                    "R_VCSgd_zf0bY_184",
                    6488832,
                    6676,
                    1054
                ]
            ],
            "end_perf": [
                0.39812111854553223,
                0.35827199999999998,
                0.082191,
                376180,
                442956,
                112765420809954,
                42949672961,
                0
            ],
            "nQuads": 7614,
            "nMops": 33281
        },
        "std": {
            "child_modules": {},
            "start_perf": [
                0.28487992286682129,
                0.24781700000000001,
                0.079427999999999999,
                375196,
                442956,
                1645703936.3000829,
                112765059023471
            ],
            "Compiled": "Yes",
            "nRouts": 33,
            "Compiled Times": 1,
            "end_perf": [
                0.29134511947631836,
                0.253195,
                0.080514000000000002,
                376176,
                442956,
                112765079692482,
                8589934594,
                0
            ],
            "svclass": [
                "$vcs_nba_dyn_obj",
                576,
                35,
                2,
                2,
                0,
                "sigprop$$",
                576,
                35,
                2,
                2,
                0,
                "process",
                2380,
                200,
                8,
                8,
                0,
                "event",
                597,
                34,
                2,
                2,
                0,
                "mailbox",
                1769,
                140,
                9,
                9,
                0,
                "semaphore",
                1119,
                84,
                5,
                5,
                0
            ],
            "nQuads": 218,
            "nMops": 528
        },
        "multi_counter": {
            "child_modules": {},
            "start_perf": [
                0.43342804908752441,
                0.38895600000000002,
                0.086790999999999993,
                376180,
                442956,
                1645703936.448631,
                112765533476896
            ],
            "Compiled": "Yes",
            "nRouts": 29,
            "Compiled Times": 1,
            "end_perf": [
                0.43917393684387207,
                0.39374100000000001,
                0.087734999999999994,
                376180,
                442956,
                112765551903200,
                111669149697,
                0
            ],
            "nQuads": 237,
            "nMops": 777
        },
        "excp_dbg": {
            "child_modules": {},
            "start_perf": [
                0.3981781005859375,
                0.358319,
                0.082201999999999997,
                376180,
                442956,
                1645703936.4133811,
                112765420892418
            ],
            "Compiled": "Yes",
            "nRouts": 55,
            "Compiled Times": 1,
            "end_perf": [
                0.40708088874816895,
                0.36521100000000001,
                0.084197999999999995,
                376180,
                442956,
                112765449373826,
                60129542145,
                0
            ],
            "nQuads": 486,
            "nMops": 1451
        },
        "ifu_top": {
            "child_modules": {},
            "start_perf": [
                0.4071199893951416,
                0.36524299999999998,
                0.084205000000000002,
                376180,
                442956,
                1645703936.422323,
                112765449453218
            ],
            "Compiled": "Yes",
            "nRouts": 165,
            "Compiled Times": 1,
            "end_perf": [
                0.43336796760559082,
                0.388907,
                0.086780999999999997,
                376180,
                442956,
                112765533392160,
                85899345921,
                0
            ],
            "nQuads": 1762,
            "nMops": 5554
        },
        "dff_chain": {
            "child_modules": {},
            "start_perf": [
                0.4421839714050293,
                0.39674199999999998,
                0.087744000000000003,
                376180,
                442956,
                1645703936.457387,
                112765561443840
            ],
            "Compiled": "Yes",
            "nRouts": 33,
            "Compiled Times": 1,
            "end_perf": [
                0.44568109512329102,
                0.40022400000000002,
                0.087744000000000003,
                376180,
                442956,
                112765572667136,
                158913789953,
                0
            ],
            "nQuads": 178,
            "nMops": 290
        },
        "sim_core_top": {
            "child_modules": {
                "ifu_top": 1,
                "multi_counter": 1,